channel,mean,rms,meanerr,rmserr,tv
1766,2667.36,12.8834,0.308198,0.435416,9754
1659,2429.3,9.15563,0.325523,0.333025,9754
1765,2441.48,9.70625,0.242964,0.280462,9754
1660,2404.65,8.0059,0.291314,0.248053,9754
1764,2449.78,9.20633,0.259129,0.268225,9754
1661,2406.35,7.61239,0.243291,0.225239,9754
1763,2401.48,9.86761,0.221588,0.267419,9754
1662,2395.06,7.06775,0.189737,0.213526,9754
1762,2311.07,11.1914,0.233511,0.311073,9754
1663,2395.82,7.36464,0.207329,0.219437,9754
1761,2378.94,10.1828,0.277462,0.277066,9754
1664,2451.87,7.68559,0.270159,0.231633,9754
1760,2465.5,9.78614,0.250282,0.201017,9754
1665,2423.36,9.26449,0.292126,0.351278,9754
1759,2374.51,10.0641,0.172979,0.281119,9754
1758,2480.81,11.4607,0.195116,0.378429,9754
1757,2757.31,12.7501,0.257938,0.44334,9754
1756,2566.4,9.33892,0.278558,0.373282,9754
1668,2504.42,5.62485,0.19773,0.167062,9754
1755,2481.08,14.9173,0.350085,0.488937,9754
1669,2427.28,11.9119,0.588203,0.388414,9754
1754,2446.92,8.1565,0.123874,0.200426,9754
1670,2560.63,11.1127,0.507134,0.401421,9754
1753,2441.01,11.0172,0.290091,0.453292,9754
1671,2370.57,6.26331,0.318029,0.790967,9754
1752,2358.66,21.4501,0.446835,0.53247,9754
1672,2398.84,8.49445,0.351284,0.176565,9754
1751,2381.15,9.96748,0.206042,0.294096,9754
1673,2387.45,6.41354,0.215226,0.177078,9754
1750,2368,0,0,0,9754
1674,2387.95,7.04683,0.209533,0.205101,9754
1749,2389.16,15.0954,0.366714,0.416146,9754
1666,2675.5,8.87475,0.207875,0.345643,9754
1950,567.647,10.4532,0.273503,0.240502,9754
1951,466.731,8.98818,0.196997,0.185109,9754
1952,468.603,9.45687,0.198918,0.168806,9754
1953,476.608,10.7172,0.17552,0.173631,9754
1954,431.007,10.9503,0.216515,0.283693,9754
1955,2145.4,1.93799,0.0894174,0.0319638,9754
1956,447.552,11.7316,0.204828,0.203522,9754
1957,481.259,10.4281,0.203664,0.177453,9754
1958,445.657,10.3252,0.194997,0.202484,9754
1959,441.475,11.0636,0.231623,0.234983,9754
1960,523.731,7.39134,0.141053,0.165052,9754
1961,524.97,7.62904,0.159328,0.167526,9754
1962,496.191,8.68388,0.187706,0.25195,9754
1963,580.971,8.42022,0.230752,0.243088,9754
1658,2484.75,12.0997,0.262423,0.346104,9754
1675,2582.53,9.73333,0.313204,0.262036,9754
1936,538.244,8.98826,0.203121,0.187298,9754
1937,481.091,12.9057,0.211624,0.309164,9754
1938,465.013,7.51682,0.118705,0.174204,9754
1939,472.081,8.66817,0.190905,0.14847,9754
1940,462.755,7.97866,0.154691,0.159535,9754
1941,463.246,8.3409,0.130662,0.165418,9754
1942,447.83,12.6994,0.203302,0.234359,9754
1943,482.427,9.52531,0.196382,0.169072,9754
1944,445.211,11.8639,0.167323,0.186578,9754
1945,515.812,12.2531,0.189292,0.24258,9754
1946,474.611,9.66732,0.193629,0.141127,9754
1947,515.851,10.1522,0.220671,0.239455,9754
1948,513.117,10.1754,0.193286,0.19657,9754
1949,545.485,9.62155,0.177011,0.17726,9754
1667,2447.94,7.50304,0.187184,0.237875,9754
1775,2642.5,9.20781,0.244353,0.260595,9754
1774,2385.56,8.56424,0.174006,0.243816,9754
1650,2456.88,7.98101,0.213827,0.266081,9754
1773,2391.65,8.82523,0.180435,0.22843,9754
1651,2354.97,10.8002,0.359071,0.674821,9754
1772,2333.06,8.88877,0.207663,0.32949,9754
1652,2410.81,9.52287,0.367876,0.358253,9754
1771,2344.88,10.9725,0.283162,0.434443,9754
1653,2295.75,9.05908,0.332667,0.40507,9754
1770,2367.17,12.5011,0.352693,0.420533,9754
1654,2327.41,7.14668,0.221284,0.304462,9754
1769,2368.79,11.5844,0.334488,0.402853,9754
1655,2321.09,7.68707,0.195958,0.321657,9754
1768,2349.72,11.9912,0.272543,0.469136,9754
1656,2353.13,1.15675,0.108055,0.0171448,9754
1767,2423.71,14.7934,0.415948,0.544212,9754
1784,2540.41,12.5567,0.33811,0.561667,9754
1641,2418.82,12.2271,0.317929,0.395513,9754
1783,2382.15,8.65162,0.169255,0.330114,9754
1642,2351.64,2.61313,0.1672,0.0775463,9754
1782,2228.57,11.07,0.284154,0.371177,9754
1643,2354.07,17.3402,0.4258,0.593277,9754
1781,2243.99,9.65086,0.26848,0.285774,9754
1644,2354.01,8.99874,0.241889,0.407937,9754
1780,2295.75,9.60367,0.310179,0.38643,9754
1645,2253.27,7.14166,0.16558,0.241357,9754
1779,2252.94,7.98862,0.150922,0.243537,9754
1646,2278.7,8.32681,0.241995,0.286884,9754
1778,2346.54,10.5457,0.399121,0.342329,9754
1647,2308.09,8.24891,0.174508,0.301727,9754
1777,2447.99,8.38336,0.268234,0.237317,9754
1776,2461.95,9.55444,0.290319,0.344928,9754
1657,2572.39,12.3297,0.395485,0.54871,9754
1964,580.667,8.89488,0.162,0.245261,9754
1965,546.364,9.28411,0.240233,0.22935,9754
1966,497.24,8.17801,0.201728,0.208523,9754
1967,569.31,8.29397,0.226749,0.251865,9754
1968,492.249,7.41588,0.204282,0.204684,9754
1969,468.044,7.46503,0.167705,0.185045,9754
1970,460.917,6.91529,0.171367,0.163184,9754
1971,475.095,7.42118,0.180487,0.168154,9754
1972,506.16,9.44913,0.154498,0.234875,9754
1973,504.143,9.15541,0.217368,0.213449,9754
1974,500.707,8.22454,0.188482,0.229418,9754
1975,489.324,8.0105,0.144022,0.162408,9754
1976,559.894,7.34317,0.182622,0.191573,9754
1977,592.244,6.86938,0.14105,0.158055,9754
1649,2391.79,8.09029,0.207575,0.289033,9754
1648,2717.82,9.67791,0.253911,0.324283,9754
1978,553.412,6.81743,0.142149,0.186439,9754
1979,495.38,6.7678,0.185352,0.199875,9754
1980,479.744,6.61704,0.18795,0.179889,9754
1981,458.129,6.09003,0.168433,0.189686,9754
1982,400.619,6.24121,0.18588,0.184823,9754
1983,406.484,6.05975,0.150434,0.20002,9754
1984,392.595,5.23326,0.165406,0.178896,9754
1985,459.697,5.53286,0.136262,0.205717,9754
1986,464.636,6.04499,0.170291,0.186612,9754
1987,425.147,6.08807,0.144811,0.222896,9754
1988,396.853,6.29034,0.208048,0.321096,9754
1989,483.598,5.69727,0.151995,0.189769,9754
1990,542.779,7.65866,0.201677,0.286358,9754
1991,586.995,5.69599,0.145429,0.180593,9754
1640,2503.07,12.92,0.321691,0.437035,9754
1802,2573.91,10.0786,0.286332,0.398892,9754
1623,2389.28,8.01693,0.203135,0.277635,9754
1801,2422.75,10.7996,0.280466,0.38601,9754
1624,2363.58,9.81563,0.285578,0.393141,9754
1800,2341.49,8.54817,0.255403,0.264745,9754
1625,2288.06,8.13716,0.230588,0.249563,9754
1799,2297.97,9.83673,0.357111,0.372185,9754
1626,2292.36,9.5199,0.21392,0.296251,9754
1798,2241.81,9.14135,0.21892,0.364198,9754
1627,2245.85,8.4926,0.22677,0.327155,9754
1797,2265.86,8.01784,0.167075,0.289174,9754
1628,2280.44,7.94222,0.250502,0.274463,9754
1796,2330.44,7.70743,0.146023,0.24499,9754
1629,2319.92,7.55144,0.260324,0.23206,9754
1795,2273.25,8.37685,0.240655,0.273362,9754
1794,2231.16,8.88623,0.263248,0.286298,9754
1793,2535.65,8.50137,0.278527,0.273672,9754
1792,2376.78,8.31054,0.261139,0.329618,9754
1632,2387.88,7.52211,0.20814,0.298828,9754
1791,2306.66,8.8817,0.298089,0.328509,9754
1633,2289.8,8.45607,0.316035,0.312005,9754
1790,2351.28,8.94237,0.267388,0.31164,9754
1634,2320.59,7.53583,0.23893,0.23326,9754
1789,2318.21,7.51962,0.234541,0.259112,9754
1635,2328.55,8.04409,0.226607,0.224602,9754
1788,2347.52,8.05371,0.274442,0.25874,9754
1636,2317.66,7.12173,0.200489,0.25034,9754
1787,2381.7,7.72876,0.225326,0.242838,9754
1637,2281.97,7.63839,0.206312,0.265543,9754
1786,2361.45,10.6595,0.379635,0.426963,9754
1638,2355.47,9.47926,0.26164,0.419336,9754
1785,2342.47,12.694,0.349471,0.342419,9754
1630,2607.98,10.1923,0.328018,0.403456,9754
2006,562.774,8.00424,0.219492,0.216039,9754
2007,529.382,8.40509,0.174499,0.164429,9754
2008,505.789,10.6275,0.169884,0.226649,9754
2009,549.87,9.53648,0.207133,0.192897,9754
2010,519.586,9.4559,0.235528,0.212106,9754
2011,522.698,9.58076,0.163167,0.23377,9754
2012,495.518,9.25503,0.192475,0.209886,9754
2013,561.157,9.06854,0.230902,0.217473,9754
2014,481.169,9.62231,0.195581,0.180468,9754
2015,518.927,9.56251,0.178577,0.278671,9754
2016,548.964,9.51911,0.194067,0.207534,9754
2017,580.026,10.428,0.204233,0.296536,9754
2018,569.957,10.7573,0.263314,0.299546,9754
2019,596.819,9.18274,0.188475,0.180335,9754
1622,2513.88,10.1772,0.2732,0.364054,9754
1639,2717.44,12.8151,0.311476,0.261169,9754
1992,524.157,6.02247,0.174577,0.21316,9754
1993,547.066,7.22288,0.199842,0.279411,9754
1994,518.933,5.36365,0.15215,0.193206,9754
1995,479.438,5.77956,0.139901,0.179767,9754
1996,486.632,5.81593,0.136448,0.198206,9754
1997,520.355,5.19099,0.16059,0.207109,9754
1998,484.937,6.11435,0.154331,0.184397,9754
1999,543.001,6.19843,0.152194,0.172584,9754
2000,553.559,6.89903,0.195486,0.206149,9754
2001,527.478,6.54176,0.178236,0.171447,9754
2002,517.079,6.41357,0.191548,0.241734,9754
2003,531.667,6.87127,0.179351,0.177624,9754
2004,596.047,6.95632,0.165195,0.164999,9754
2005,576.083,8.93145,0.159983,0.311044,9754
1631,2620.01,11.8872,0.373216,0.331938,9754
1811,2544.96,1178.64,10.1331,4.31029,9754
1810,1531.54,1105.08,9.75619,3.43304,9754
1614,1896.26,1145.86,5.84183,1.04334,9754
1809,865.09,298.876,3.96605,13.2947,9754
1615,2154.53,970.788,9.68527,3.32453,9754
1808,2987.59,106.183,1.59659,1.35357,9754
1616,2885.85,131.421,1.88465,9.28793,9754
1807,1373.24,1024.11,9.53303,5.21828,9754
1617,3003.44,33.2672,0.682549,0.519033,9754
1806,3017.69,25.8245,0.696675,0.874422,9754
1618,2802.94,81.6823,1.77741,2.62219,9754
1805,2630.25,126.305,3.31862,1.10486,9754
1619,2931.9,29.8834,0.702796,1.04584,9754
1804,2752.49,115.875,2.24169,1.31834,9754
1620,2976.5,37.9064,0.845674,0.263728,9754
1803,2822.29,58.9426,1.36732,3.27815,9754
1820,2668.61,9.47651,0.23861,0.259775,9754
1605,2457,7.598,0.247743,0.203944,9754
1819,2344.84,7.35133,0.185135,0.19348,9754
1606,2391.44,7.01647,0.209823,0.17764,9754
1818,2347.66,7.86883,0.185547,0.218902,9754
1607,2388.58,6.74026,0.190567,0.188977,9754
1817,2350.6,7.69587,0.176618,0.207142,9754
1608,2350.97,8.7111,0.291005,0.269722,9754
1816,2320.3,7.00412,0.182389,0.179417,9754
1609,2404.21,8.09003,0.21813,0.182211,9754
1815,2311.33,7.30243,0.127352,0.238076,9754
1610,2320.8,6.70676,0.172086,0.172837,9754
1814,2324.96,6.70588,0.183442,0.180924,9754
1611,2334.68,7.02813,0.19909,0.183665,9754
1813,2326.68,7.27111,0.200301,0.188496,9754
1812,2352.23,8.16428,0.22156,0.249203,9754
1621,2740.43,11.3287,0.306246,0.407208,9754
2020,670.102,10.0376,0.187338,0.237594,9754
2021,644.527,8.22559,0.376716,0.302675,9754
2022,657.018,8.94235,0.170511,0.163612,9754
2023,577.584,10.4691,0.192906,0.224563,9754
2024,582.641,9.2567,0.161904,0.187727,9754
2025,549.162,9.5115,0.172405,0.212292,9754
2026,571.009,12.0506,0.226286,0.234123,9754
2027,539.734,9.73341,0.180504,0.149013,9754
2028,612.517,10.5601,0.199219,0.170233,9754
2029,609.864,9.37294,0.120829,0.129065,9754
2030,640.779,13.0839,0.207584,0.24248,9754
2031,697.849,12.9024,0.239869,0.234538,9754
2032,670.271,9.933,0.166112,0.163497,9754
2033,732.858,11.0322,0.187326,0.178391,9754
1613,2763.61,8.12687,0.117761,0.293637,9754
1612,2668.6,7.69225,0.204558,0.213052,9754
2034,676.991,9.94453,0.155004,0.167526,9754
2035,657.26,9.62564,0.169549,0.12938,9754
2036,625.977,10.2001,0.199804,0.181459,9754
2037,584.937,10.3476,0.181377,0.19496,9754
2038,573.521,12.6764,0.204187,0.198021,9754
2039,612.375,11.2469,0.220527,0.22251,9754
2040,610.85,9.28557,0.169855,0.140901,9754
2041,556.361,10.5692,0.198317,0.23772,9754
2042,586.326,9.01093,0.158237,0.181799,9754
2043,536.515,9.63728,0.211753,0.159271,9754
2044,581.177,14.0372,0.33224,0.240863,9754
2045,585.5,10.2568,0.269012,0.259462,9754
2046,1409.67,1.05506,0.0772908,0.0358801,9754
2047,721.361,9.26972,0.161721,0.158014,9754
1604,2714.92,9.71692,0.289922,0.264994,9754
1694,2590.68,10.5625,0.255981,0.236986,9754
1587,2395.36,6.35369,0.153387,0.283857,9754
1693,2352.76,11.1904,0.237886,0.244201,9754
1588,2372.61,7.21532,0.170475,0.211815,9754
1692,2389.32,6.93315,0.194977,0.145081,9754
1589,2356.27,7.70765,0.241056,0.380231,9754
1691,4029.03,1.7611,0.00,0.343962,9754
1590,2365.59,6.52507,0.104875,0.188792,9754
1690,2410.18,9.23868,0.195448,0.231745,9754
1591,2389.7,5.70006,0.179613,0.259245,9754
1689,2372.13,9.17317,0.168752,0.215351,9754
1592,2398.53,4.86401,0.165733,0.225498,9754
1688,2309.59,8.79704,0.231485,0.235233,9754
1593,2374.83,6.02928,0.21325,0.23073,9754
1687,2323.66,7.31423,0.173824,0.168561,9754
1686,2418.94,16.0078,0.40114,0.17693,9754
1685,2636.82,9.46022,0.257263,0.260915,9754
1684,2422.47,9.27287,0.278956,0.35776,9754
1596,2397.39,6.72933,0.235632,0.195119,9754
1683,2392.14,6.96901,0.229713,0.215169,9754
1597,2426.1,7.38455,0.238777,0.332971,9754
1682,2384.09,6.40718,0.24689,0.210188,9754
1598,2344.09,6.79138,0.238722,0.239271,9754
1681,2388.51,6.99789,0.180003,0.225474,9754
1599,2341.4,6.46224,0.223221,0.206337,9754
1680,2364.08,8.44683,0.297314,0.307206,9754
1600,2374.28,6.97902,0.237024,0.267579,9754
1823,2643.63,7.40692,0.22393,0.235078,9754
1601,2389.68,6.62174,0.24398,0.24115,9754
1822,2419.04,6.40863,0.232765,0.246593,9754
1602,2370.63,10.4405,0.563288,0.552342,9754
1821,2389.92,7.45893,0.207203,0.241569,9754
1594,2656.7,7.32284,0.225855,0.234099,9754
1921,591.398,8.90146,0.166799,0.150439,9754
1920,535.118,10.9224,0.208784,0.214344,9754
1919,514.14,9.59839,0.219761,0.188805,9754
1918,522.963,8.77346,0.148235,0.147261,9754
1917,478.435,8.67087,0.145708,0.130942,9754
1916,461.431,7.96388,0.170799,0.128134,9754
1915,502.428,11.7836,0.204741,0.127684,9754
1914,515.597,9.42637,0.199248,0.162476,9754
1913,478.905,8.09273,0.174371,0.117661,9754
1912,507.491,11.1162,0.280942,0.165053,9754
1911,512.031,9.87045,0.167127,0.150615,9754
1910,547.936,8.37771,0.149546,0.110101,9754
1909,585.595,7.64927,0.152146,0.152225,9754
1908,646.487,8.01744,0.16635,0.171066,9754
1586,2506.28,8.59537,0.264132,0.243409,9754
1603,2667.51,8.38387,0.324568,0.294186,9754
1935,531.95,7.5547,0.20333,0.138754,9754
1934,533.889,8.01612,0.151682,0.136862,9754
1933,480.609,7.65805,0.147025,0.142812,9754
1932,468.869,8.62378,0.188056,0.138648,9754
1931,476.76,8.95125,0.194784,0.152996,9754
1930,455.664,10.9763,0.362623,0.273008,9754
1929,480.351,10.5673,0.214873,0.18408,9754
1928,424.116,8.35809,0.135705,0.113356,9754
1927,474.37,8.69635,0.13914,0.124055,9754
1926,495.665,10.3357,0.206465,0.201857,9754
1925,476.223,9.03892,0.131672,0.115401,9754
1924,542.457,9.61927,0.177484,0.14332,9754
1923,589.601,8.3339,0.178301,0.137613,9754
1922,627.851,11.5104,0.213191,0.183466,9754
1595,2401.74,7.56658,0.279325,0.240675,9754
1703,2642.92,8.22962,0.214154,0.19705,9754
1702,2460.32,7.71189,0.219158,0.228068,9754
1578,2438.33,7.09909,0.215041,0.296583,9754
1701,2373.17,8.51488,0.219165,0.296709,9754
1579,2440.22,7.21299,0.209398,0.271007,9754
1700,2437.05,9.57109,0.218071,0.287625,9754
1580,2500.32,7.20671,0.168521,0.268331,9754
1699,2386.41,10.8059,0.226589,0.368485,9754
1581,2402.64,7.23967,0.205297,0.237497,9754
1698,2337.69,8.50226,0.179909,0.270601,9754
1582,2371.22,8.32348,0.202324,0.290764,9754
1697,2379.83,8.07406,0.152384,0.246607,9754
1583,2423.4,9.26915,0.262996,0.418036,9754
1696,2474.17,9.87209,0.302741,0.352,9754
1584,2311.46,6.94286,0.202143,0.273831,9754
1695,2449.4,15.9736,0.391307,0.505166,9754
1712,2618.48,17.5066,0.407642,0.432065,9754
1569,2476.63,13.7228,0.308115,0.373347,9754
1711,2407.8,11.8691,0.31186,0.297645,9754
1570,2376.77,2.20468,0.117962,0.0595909,9754
1710,2381.51,6.84204,0.14551,0.170466,9754
1571,2444.86,16.3709,0.372809,0.471473,9754
1709,2435.89,8.93972,0.20284,0.229346,9754
1572,2442.64,8.21919,0.201666,0.292339,9754
1708,2512.91,7.0088,0.187095,0.208556,9754
1573,2509.53,7.02992,0.194824,0.165644,9754
1707,2430.84,10.9793,0.328529,0.359789,9754
1574,2433.91,8.95487,0.137302,0.343874,9754
1706,2380.34,6.70332,0.183867,0.154924,9754
1575,2446.89,5.61296,0.183371,0.174405,9754
1705,2466.73,11.2674,0.292489,0.227876,9754
1704,2475.72,15.7939,0.332194,0.157003,9754
1585,2631.64,9.92635,0.287845,0.446882,9754
1907,603.877,7.96615,0.147884,0.167905,9754
1906,632.723,10.6744,0.256972,0.301089,9754
1905,605.575,8.32282,0.161634,0.171315,9754
1904,552.549,8.70372,0.141107,0.200727,9754
1903,515.555,7.21139,0.156373,0.154969,9754
1902,522.155,6.78677,0.144996,0.158857,9754
1901,521.115,6.00793,0.146823,0.147568,9754
1900,550.864,6.76342,0.143316,0.154717,9754
1899,522.43,5.49332,0.114562,0.143839,9754
1898,545.369,6.13311,0.167021,0.123753,9754
1897,578.628,6.74352,0.152634,0.233682,9754
1896,607.612,6.54985,0.136212,0.187043,9754
1895,605.691,6.71389,0.134692,0.196548,9754
1894,614.101,6.37732,0.148172,0.197759,9754
1577,2519.06,7.62804,0.205983,0.252856,9754
1576,767.232,15.0166,0.377253,0.571552,9754
1893,1115.83,11.9388,0.259643,0.352361,9754
1892,1009.94,13.8226,0.342565,0.499523,9754
1891,1041.86,10.8151,0.213247,0.271672,9754
1890,1038.09,25.7631,0.713429,5.15872,9754
1889,781.714,485.257,5.44543,1.72027,9754
1888,762.453,481.94,7.37981,2.916,9754
1887,1080.46,15.3382,0.233166,0.355018,9754
1886,508.401,6.74017,0.153322,0.20056,9754
1885,566.987,5.26777,0.108782,0.227685,9754
1884,528.399,5.19324,0.129469,0.164052,9754
1883,522.349,4.51564,0.141074,0.14726,9754
1882,540.176,5.06752,0.119451,0.165512,9754
1881,575.767,6.24395,0.157506,0.202901,9754
1880,618.647,5.15097,0.138126,0.177152,9754
1568,2478.24,16.7639,0.329716,0.27041,9754
1730,0,0,0,0,9754
1551,0,0,0,0,9754
1729,0,0,0,0,9754
1552,0,0,0,0,9754
1728,0,0,0,0,9754
1553,0,0,0,0,9754
1727,0,0,0,0,9754
1554,2304,0,0,0,9754
1726,0,0,0,0,9754
1555,0,0,0,0,9754
1725,2240,0,0,0,9754
1556,0,0,0,0,9754
1724,0,0,0,0,9754
1557,0,0,0,0,9754
1723,0,0,0,0,9754
1722,2304,0,0,0,9754
1721,0,0,0,0,9754
1720,0,0,0,0,9754
1560,0,0,0,0,9754
1719,0,0,0,0,9754
1561,0,0,0,0,9754
1718,0,0,0,0,9754
1562,0,0,0,0,9754
1717,0,0,0,0,9754
1563,0,0,0,0,9754
1716,0,0,0,0,9754
1564,0,0,0,0,9754
1715,0,0,0,0,9754
1565,0,0,0,0,9754
1714,0,0,0,0,9754
1566,0,0,0,0,9754
1713,0,0,0,0,9754
1558,0,0,0,0,9754
1865,0,0,0,0,9754
1864,0,0,0,0,9754
1863,0,0,0,0,9754
1862,0,0,0,0,9754
1861,0,0,0,0,9754
1860,0,0,0,0,9754
1859,0,0,0,0,9754
1858,0,0,0,0,9754
1857,0,0,0,0,9754
1856,0,0,0,0,9754
1855,0,0,0,0,9754
1854,0,0,0,0,9754
1853,0,0,0,0,9754
1852,0,0,0,0,9754
1550,0,0,0,0,9754
1567,0,0,0,0,9754
1879,0,0,0,0,9754
1878,0,0,0,0,9754
1877,0,0,0,0,9754
1876,0,0,0,0,9754
1875,0,0,0,0,9754
1874,0,0,0,0,9754
1873,0,0,0,0,9754
1872,0,0,0,0,9754
1871,0,0,0,0,9754
1870,0,0,0,0,9754
1869,0,0,0,0,9754
1868,0,0,0,0,9754
1867,0,0,0,0,9754
1866,0,0,0,0,9754
1559,0,0,0,0,9754
1739,0,0,0,0,9754
1738,2367,0,0,0,9754
1542,0,0,0,0,9754
1737,0,0,0,0,9754
1543,0,0,0,0,9754
1736,0,0,0,0,9754
1544,0,0,0,0,9754
1735,0,0,0,0,9754
1545,0,0,0,0,9754
1734,0,0,0,0,9754
1546,0,0,0,0,9754
1733,0,0,0,0,9754
1547,0,0,0,0,9754
1732,0,0,0,0,9754
1548,0,0,0,0,9754
1731,0,0,0,0,9754
1748,0,0,0,0,9754
1677,2432,0,0,0,9754
1747,0,0,0,0,9754
1678,0,0,0,0,9754
1746,0,0,0,0,9754
1679,2368,0,0,0,9754
1745,0,0,0,0,9754
1536,0,0,0,0,9754
1744,0,0,0,0,9754
1537,0,0,0,0,9754
1743,0,0,0,0,9754
1538,0,0,0,0,9754
1742,0,0,0,0,9754
1539,0,0,0,0,9754
1741,0,0,0,0,9754
1740,0,0,0,0,9754
1549,0,0,0,0,9754
1851,0,0,0,0,9754
1850,0,0,0,0,9754
1849,0,0,0,0,9754
1848,0,0,0,0,9754
1847,512,0,0,0,9754
1846,0,0,0,0,9754
1845,0,0,0,0,9754
1844,0,0,0,0,9754
1843,0,0,0,0,9754
1842,0,0,0,0,9754
1841,0,0,0,0,9754
1840,0,0,0,0,9754
1839,0,0,0,0,9754
1838,0,0,0,0,9754
1541,0,0,0,0,9754
1540,0,0,0,0,9754
1837,0,0,0,0,9754
1836,576,0,0,0,9754
1835,576,0,0,0,9754
1834,0,0,0,0,9754
1833,576,0,0,0,9754
1832,511,0,0,0,9754
1831,0,0,0,0,9754
1830,0,0,0,0,9754
1829,0,0,0,0,9754
1828,0,0,0,0,9754
1827,576,0,0,0,9754
1826,0,0,0,0,9754
1825,0,0,0,0,9754
1824,0,0,0,0,9754
1676,0,0,0,0,9754
1254,2694.11,10.0941,0.234556,0.257578,9754
1147,2546.83,14.885,0.252145,0.345089,9754
1253,2511.84,8.2241,0.162597,0.159097,9754
1148,2469.48,12.7172,0.25001,0.294058,9754
1252,2429.01,8.25864,0.344183,0.225852,9754
1149,2602.28,16.0959,0.281248,0.312096,9754
1251,2504.39,10.3956,0.310498,0.223465,9754
1150,2529.43,17.0669,0.227639,0.249698,9754
1250,2423.9,10.8019,0.294956,0.233789,9754
1151,2463.83,12.8987,0.234987,0.246565,9754
1249,2506,10.7363,0.227738,0.283919,9754
1152,2461.91,13.5399,0.166266,0.269173,9754
1248,2491.53,12.932,0.283224,0.260726,9754
1153,2450.8,14.4227,0.257838,0.248252,9754
1247,2476.91,12.1579,0.209585,0.220392,9754
1246,2508.64,9.5991,0.188184,0.237374,9754
1245,2649.48,10.5767,0.197913,0.192661,9754
1244,2467.32,8.8582,0.189554,0.140825,9754
1156,2521.69,12.4651,0.156734,0.221103,9754
1243,2517.18,8.24791,0.230772,0.141295,9754
1157,2397.54,8.22106,0.155302,0.144208,9754
1242,2461.8,6.98194,0.210883,0.185607,9754
1158,2447.72,6.7525,0.132564,0.117924,9754
1241,2451.39,6.14037,0.181456,0.147638,9754
1159,2456.48,5.94785,0.0951192,0.17956,9754
1240,2401.62,5.57701,0.194707,0.19031,9754
1160,2429.82,6.32576,0.242696,0.254132,9754
1239,2405.91,5.33522,0.149538,0.169487,9754
1161,2411.91,4.74628,0.1461,0.156852,9754
1238,2488.06,5.03658,0.20849,0.196289,9754
1162,2403.94,4.75488,0.168102,0.161967,9754
1237,4095,0,0,0,9754
1154,2866.57,14.1532,0.312607,0.276505,9754
1438,685.898,4.98182,0.13239,0.115941,9754
1439,570.049,4.56718,0.13913,0.148757,9754
1440,647.488,4.57768,0.142211,0.102599,9754
1441,569.616,4.28713,0.169811,0.131155,9754
1442,555.377,4.76628,0.128864,0.122246,9754
1443,556.641,4.81971,0.108685,0.124585,9754
1444,567.34,9.32644,0.19689,0.0973613,9754
1445,533.231,4.7255,0.127784,0.121778,9754
1446,561.428,4.27434,0.140842,0.120539,9754
1447,569.415,6.69091,0.276426,0.172224,9754
1448,2160.36,0.951132,0.00,0.0109719,9754
1449,651.501,4.56628,0.182553,0.245643,9754
1450,620.137,5.36673,0.155424,0.147612,9754
1451,700.381,6.57144,0.205907,0.236342,9754
1146,2732.63,19.6272,0.321524,0.232149,9754
1163,2681.87,6.67616,0.357427,0.415115,9754
1424,615.501,4.56702,0.134916,0.15244,9754
1425,546.036,4.77194,0.126988,0.149131,9754
1426,590.546,4.23294,0.123384,0.124764,9754
1427,527.326,3.92966,0.115482,0.116189,9754
1428,512.099,4.67409,0.127532,0.191434,9754
1429,511.536,4.79438,0.178114,0.124649,9754
1430,498.163,6.75934,0.147254,0.112138,9754
1431,497.763,4.05142,0.0940348,0.100659,9754
1432,541.278,4.3908,0.109508,0.11006,9754
1433,604.956,3.99725,0.125824,0.100976,9754
1434,532.651,4.41567,0.117587,0.110866,9754
1435,646.17,3.95961,0.12606,0.100717,9754
1436,599.897,4.49901,0.123724,0.114011,9754
1437,655.423,4.69578,0.119194,0.126399,9754
1155,2601.31,18.8837,0.27549,0.229551,9754
1263,2591.41,6.33093,0.204261,0.174424,9754
1262,2439.22,6.26726,0.182234,0.174218,9754
1138,2440.28,7.02673,0.138674,0.160574,9754
1261,2428.3,7.7026,0.218723,0.213551,9754
1139,2381.42,9.6793,0.192189,0.164916,9754
1260,2414.26,6.96884,0.168721,0.172094,9754
1140,2463.32,10.4605,0.210152,0.200574,9754
1259,2425.69,8.2089,0.179453,0.141721,9754
1141,2447.34,12.6458,0.184759,0.243928,9754
1258,2432.94,9.40048,0.203118,0.193103,9754
1142,2407.71,15.2705,0.232028,0.341203,9754
1257,2408.48,7.2423,0.178308,0.163815,9754
1143,2526.65,13.6088,0.227669,0.25899,9754
1256,3176.36,1.69702,0.0482201,0.0298294,9754
1144,2484.85,16.9135,0.180421,0.291706,9754
1255,2489.43,10.5135,0.171018,0.179524,9754
1272,2583.33,5.07477,0.142584,0.168083,9754
1129,2465.09,5.02666,0.156638,0.174819,9754
1271,2452.06,4.4578,0.181968,0.142163,9754
1130,2450.84,1.89878,0.00,0.0447589,9754
1270,2410.08,4.48497,0.100178,0.12639,9754
1131,2477.11,8.55533,0.279726,0.248335,9754
1269,3839.75,6.86963,0.482225,0.172146,9754
1132,2434.03,3.59384,0.142819,0.172368,9754
1268,2457.98,4.92902,0.122143,0.145533,9754
1133,2501.65,4.73466,0.114179,0.156797,9754
1267,2409.82,5.58119,0.172505,0.135623,9754
1134,2466.97,4.83974,0.171085,0.14351,9754
1266,2517.56,5.78071,0.182495,0.162106,9754
1135,2470.79,5.33122,0.0962589,0.156051,9754
1265,2584.03,5.96783,0.120368,0.137049,9754
1264,2438.78,5.67502,0.132329,0.127411,9754
1145,2619.54,17.3375,0.315947,0.302125,9754
1452,547.595,4.58308,0.120843,0.102669,9754
1453,535.243,5.2763,0.14883,0.128278,9754
1454,525.108,4.56746,0.118693,0.0866539,9754
1455,525.456,4.52837,0.131064,0.100776,9754
1456,514.894,3.99751,0.103637,0.150668,9754
1457,503.159,4.1319,0.107964,0.0960348,9754
1458,503.441,4.51026,0.138573,0.120129,9754
1459,517.279,3.77283,0.100832,0.0777915,9754
1460,518.382,4.13034,0.108292,0.089801,9754
1461,510.559,5.08198,0.158581,0.169965,9754
1462,534.224,4.42558,0.108515,0.12114,9754
1463,573.347,4.58973,0.1392,0.150264,9754
1464,542.468,3.74655,0.101655,0.106547,9754
1465,602.175,4.18145,0.126163,0.107163,9754
1137,2441.77,5.84805,0.177418,0.168224,9754
1136,2791.1,6.11968,0.178848,0.144279,9754
1466,634.452,4.65043,0.158551,0.164968,9754
1467,587.263,4.13035,0.0940469,0.094434,9754
1468,576.828,24.8255,0.586242,4.77151,9754
1469,541.633,6.43204,0.148195,0.111339,9754
1470,540.667,4.25999,0.127924,0.107537,9754
1471,559.733,4.29596,0.113921,0.129225,9754
1472,0,0,0,0,9754
1473,536.479,4.02873,0.117919,0.105111,9754
1474,582.666,3.66451,0.105707,0.0976503,9754
1475,574.602,4.1884,0.123735,0.157862,9754
1476,622.712,4.16282,0.102704,0.111147,9754
1477,605.065,4.17752,0.125045,0.114035,9754
1478,634.057,4.84899,0.164056,0.178026,9754
1479,711.33,3.65051,0.142441,0.0957065,9754
1128,2526.92,6.41877,0.2405,0.217289,9754
1290,2664.31,8.83965,0.133331,0.166932,9754
1111,2435.44,21.5454,0.21634,0.344664,9754
1289,2455.69,7.51838,0.145613,0.161876,9754
1112,2429.11,22.4968,0.301128,0.328742,9754
1288,2379.09,7.4503,0.073238,0.188388,9754
1113,2416.87,19.486,0.241048,0.325996,9754
1287,2479.48,7.79322,0.199122,0.171262,9754
1114,2316.3,15.6086,0.181739,0.332638,9754
1286,2316.11,6.68341,0.197445,0.122183,9754
1115,2439.12,8.19274,0.171866,0.170474,9754
1285,2382.79,6.50836,0.180153,0.125549,9754
1116,2453.96,6.19225,0.0743741,0.142074,9754
1284,2432.9,7.28037,0.0786816,0.179964,9754
1117,2449.7,5.66105,0.168351,0.145313,9754
1283,2517.5,5.73304,0.152174,0.142851,9754
1282,2519.21,5.63876,0.0735141,0.14597,9754
1281,2741,6.59794,0.154816,0.188277,9754
1280,2529.68,5.00308,0.154385,0.155836,9754
1120,2553.41,5.06438,0.185297,0.194094,9754
1279,2491.5,4.81887,0.228102,0.20548,9754
1121,2456.1,4.78154,0.0991217,0.157495,9754
1278,2482.14,6.0514,0.247754,0.181369,9754
1122,2436.66,5.3168,0.113009,0.157434,9754
1277,2402.65,4.98997,0.170775,0.192305,9754
1123,2468.63,5.10232,0.136341,0.145958,9754
1276,2459.78,4.40795,0.142573,0.145738,9754
1124,2466.86,4.80892,0.157792,0.156549,9754
1275,2436.49,4.96023,0.161338,0.174745,9754
1125,2462.32,4.93508,0.17849,0.16869,9754
1274,2571.82,4.76436,0.218882,0.145108,9754
1126,2524.73,5.56567,0.144585,0.139912,9754
1273,2587.52,5.82421,0.205881,0.187565,9754
1118,2673.04,6.68597,0.139973,0.170169,9754
1494,525.132,3.80583,0.119152,0.0979208,9754
1495,499.608,4.28321,0.125767,0.11433,9754
1496,428.583,4.6165,0.132422,0.108697,9754
1497,480.7,4.25287,0.121018,0.131262,9754
1498,475.721,4.43604,0.120961,0.108986,9754
1499,3720.12,1.80227,0.170049,0.0315112,9754
1500,442.514,3.89257,0.108909,0.0827988,9754
1501,467.71,4.24507,0.114325,0.115335,9754
1502,426.81,4.57002,0.123866,0.132979,9754
1503,442.618,3.12028,0.118778,0.104579,9754
1504,448.527,5.80717,0.235553,0.104349,9754
1505,485.323,4.39336,0.125449,0.132112,9754
1506,518.175,5.39334,0.183015,0.241384,9754
1507,556.629,4.5907,0.139701,0.129994,9754
1110,2506.31,21.7145,0.275253,0.334192,9754
1127,2599.75,6.13356,0.247285,0.206274,9754
1480,571.45,4.20893,0.138875,0.158749,9754
1481,589.264,4.49156,0.139926,0.115776,9754
1482,557.496,4.18638,0.116197,0.115886,9754
1483,611.952,3.9552,0.107475,0.120748,9754
1484,579.695,3.36511,0.133201,0.124975,9754
1485,545.122,3.99959,0.118848,0.111239,9754
1486,584.918,3.71551,0.112125,0.106549,9754
1487,576.571,4.22144,0.116283,0.177096,9754
1488,583.057,3.22057,0.130618,0.100774,9754
1489,613.888,3.76411,0.0984026,0.128015,9754
1490,583.069,3.55847,0.0953992,0.0995318,9754
1491,628.743,3.89182,0.132004,0.0964425,9754
1492,595.025,3.82525,0.117246,0.105591,9754
1493,622.387,3.86808,0.0992148,0.104981,9754
1119,2420.7,6.07057,0.180723,0.131078,9754
1299,2684.81,9.47777,0.226646,0.244672,9754
1298,2578.25,6.5811,0.118741,0.147182,9754
1102,2480.31,9.3055,0.178278,0.203446,9754
1297,2474.64,8.82585,0.195192,0.205036,9754
1103,2486.16,12.8793,0.167686,0.249505,9754
1296,2510.87,7.9551,0.113957,0.189354,9754
1104,2506.57,13.829,0.246952,0.27951,9754
1295,2446.92,7.30983,0.127991,0.174951,9754
1105,2513.14,22.1573,0.371759,0.316482,9754
1294,2513.67,183.849,2.95686,3.18902,9754
1106,2413.68,19.9149,0.349169,0.662121,9754
1293,2483.96,12.0969,0.155762,0.216715,9754
1107,2465.37,188.707,3.11348,2.89401,9754
1292,2425.8,65.9222,0.835602,0.326538,9754
1108,2426.39,20.9264,0.272324,0.334636,9754
1291,2430.69,82.2064,1.29442,4.09419,9754
1308,2532.56,6.92965,0.144348,0.169203,9754
1093,2419.91,2.57998,0.119348,0.0768592,9754
1307,2440.76,6.35343,0.196991,0.181338,9754
1094,2364.8,33.9629,0.394309,0.620757,9754
1306,2372.84,5.53071,0.0771876,0.156636,9754
1095,2398.83,7.18453,0.082625,0.144898,9754
1305,2412.05,6.03776,0.111978,0.149188,9754
1096,2482.98,9.06704,0.172285,0.110003,9754
1304,2445.52,5.23753,0.178964,0.136334,9754
1097,2560.93,6.48167,0.239792,0.193215,9754
1303,2412.11,5.58299,0.108093,0.170655,9754
1098,2326.86,5.90753,0.136454,0.159696,9754
1302,2375.13,5.72614,0.162613,0.161082,9754
1099,2417.3,6.77355,0.212087,0.176081,9754
1301,2352.57,6.78094,0.144942,0.175439,9754
1300,2454.66,6.65249,0.110906,0.171479,9754
1109,2608.5,24.7131,0.306442,0.348534,9754
1508,496.336,5.60427,0.150397,0.146093,9754
1509,487.442,6.39887,0.186695,0.149457,9754
1510,427.98,4.78669,0.174424,0.145269,9754
1511,461.518,5.00617,0.115292,0.121111,9754
1512,419.292,5.3277,0.132811,0.111292,9754
1513,411.907,4.19518,0.122948,0.106466,9754
1514,419.137,5.06268,0.122553,0.16059,9754
1515,398.999,5.28121,0.0896778,0.107595,9754
1516,387.149,4.80252,0.122883,0.167095,9754
1517,376.241,4.73402,0.113636,0.165304,9754
1518,0,0,0,0,9754
1519,397.632,4.38086,0.102247,0.136317,9754
1520,461.475,4.20494,0.119483,0.100851,9754
1521,553.945,5.16282,0.122366,0.132288,9754
1101,2945.85,1.16741,0.00,0.0358564,9754
1100,3746.35,65.5753,1.13954,0.310379,9754
1522,349.898,332.667,5.23678,7.6027,9754
1523,1058.76,706.383,8.40474,3.01417,9754
1524,1009.54,731.508,8.8356,2.1747,9754
1525,523.401,360.92,6.93855,1.69442,9754
1526,505.541,11.8813,0.479918,4.29373,9754
1527,563.232,40.6478,0.89624,6.71979,9754
1528,546.379,151.253,2.30386,3.18818,9754
1529,522.71,4.36178,0.105189,0.100882,9754
1530,547.278,4.53772,0.123944,0.149165,9754
1531,535.745,4.47538,0.124859,0.128942,9754
1532,574.433,4.98201,0.158935,0.168092,9754
1533,578.92,4.36508,0.111592,0.18669,9754
1534,585.814,4.94516,0.138906,0.114159,9754
1535,587.891,4.22978,0.110507,0.106968,9754
1092,2345.16,12.7913,0.206011,0.222242,9754
1182,2520.77,10.3372,0.291929,0.309138,9754
1075,2439.22,14.2805,0.270346,0.324275,9754
1181,2326.25,8.46035,0.228773,0.236295,9754
1076,2348.56,14.4243,0.25343,0.307094,9754
1180,2291.43,8.75073,0.286721,0.327833,9754
1077,2352.78,25.9093,0.287887,0.45039,9754
1179,2264.1,9.92729,0.159401,0.243637,9754
1078,2332.8,27.054,0.358711,0.3962,9754
1178,2387.84,9.62202,0.217942,0.216622,9754
1079,2393.42,18.0289,0.277942,0.332609,9754
1177,2464.65,12.1375,0.199817,0.224544,9754
1080,2474.86,17.6958,0.237916,0.337234,9754
1176,2461.71,12.0931,0.219561,0.262482,9754
1081,2382.8,17.3613,0.260773,0.324085,9754
1175,2411.16,10.9467,0.229247,0.312995,9754
1174,2487.08,12.3833,0.23502,0.298423,9754
1173,2620.1,11.7347,0.285504,0.481654,9754
1172,2495.56,9.26361,0.291157,0.436633,9754
1084,2408.45,22.9142,0.318288,0.387199,9754
1171,2350.24,9.34582,0.261247,0.326914,9754
1085,2368.74,20.1831,0.296395,0.316902,9754
1170,2401.3,7.77489,0.217499,0.28327,9754
1086,2312.45,16.8105,0.298722,0.312777,9754
1169,2314.15,7.17522,0.15934,0.261283,9754
1087,2384.7,11.8219,0.230634,0.259647,9754
1168,2329.01,6.77241,0.204192,0.288263,9754
1088,2381.67,9.33627,0.152902,0.224727,9754
1311,2382.35,6.73362,0.230043,0.281856,9754
1089,2353.54,10.6861,0.262376,0.314595,9754
1310,2439.77,7.0217,0.197838,0.349503,9754
1090,2379.73,7.16097,0.199235,0.257485,9754
1309,2447.65,7.3199,0.223966,0.324186,9754
1082,2534.41,21.9581,0.31806,0.417685,9754
1409,513.927,5.63945,0.185685,0.261719,9754
1408,524.675,5.47831,0.156846,0.147307,9754
1407,499.205,5.59528,0.161247,0.245598,9754
1406,528.964,5.73292,0.134053,0.171674,9754
1405,471.632,5.66604,0.13736,0.190599,9754
1404,493.411,5.28034,0.142355,0.200179,9754
1403,469.054,6.05471,0.153541,0.190402,9754
1402,481.333,5.46068,0.129155,0.201393,9754
1401,469.768,6.45801,0.125628,0.176041,9754
1400,513.951,6.34174,0.160404,0.275756,9754
1399,519.627,5.93178,0.119784,0.176209,9754
1398,572.482,7.14359,0.223948,0.32015,9754
1397,496.403,6.73217,0.161808,0.206392,9754
1396,591.545,6.12602,0.141547,0.184856,9754
1074,2413.25,20.3599,0.324951,0.332915,9754
1091,2502.03,10.3719,0.282587,0.455929,9754
1423,1841.84,1.36687,0.114693,0.024632,9754
1422,519.74,7.5309,0.148615,0.243585,9754
1421,436.198,6.17344,0.184541,0.285178,9754
1420,443.895,7.79109,0.267374,0.263818,9754
1419,408.535,4.97976,0.141442,0.195748,9754
1418,463.018,4.74554,0.134551,0.194762,9754
1417,450.268,4.22298,0.109014,0.236939,9754
1416,413.823,4.94593,0.142498,0.19899,9754
1415,453.656,4.45009,0.157808,0.218853,9754
1414,464.985,5.08433,0.127333,0.195926,9754
1413,435.875,4.75591,0.172555,0.160573,9754
1412,465.539,5.07399,0.134296,0.207407,9754
1411,449.392,0.846541,0.00,0.0178187,9754
1410,554.465,5.9896,0.144266,0.228489,9754
1083,2343.77,19.3511,0.245931,0.324963,9754
1191,2639.5,13.0531,0.268789,0.265527,9754
1190,2576.42,7.41348,0.212143,0.119388,9754
1066,2458.8,12.1645,0.221641,0.259899,9754
1189,2416.87,27.2612,0.389741,0.782356,9754
1067,2830.56,254.475,2.77079,0.653412,9754
1188,2479.26,7.83654,0.214384,0.166846,9754
1068,2402.85,13.9223,0.258728,0.19878,9754
1187,2467.89,37.608,0.674476,3.57489,9754
1069,2441.24,88.2537,1.53773,3.87844,9754
1186,2429.76,94.0877,1.27526,3.2075,9754
1070,2483.51,43.1335,0.732203,3.09858,9754
1185,2519.61,23.0705,0.362122,1.9328,9754
1071,2851.51,243.515,3.75614,1.438,9754
1184,2507.18,7.44445,0.208568,0.145975,9754
1072,2483.05,34.4667,0.357327,0.223975,9754
1183,2596.08,19.4852,0.427079,0.275072,9754
1200,2547.53,6.2328,0.200364,0.129091,9754
1057,2385.12,5.492,0.186314,0.138611,9754
1199,2408,5.604,0.0939356,0.135456,9754
1058,2500.49,2.44988,0.130278,0.0379186,9754
1198,2418.21,6.57261,0.146421,0.160797,9754
1059,2316.52,26.3899,0.363457,0.378551,9754
1197,2386.13,5.72043,0.162191,0.156542,9754
1060,2447.18,6.99849,0.17763,0.142153,9754
1196,2364.09,7.10008,0.296875,0.195398,9754
1061,2369.16,10.379,0.239253,0.207416,9754
1195,2427.46,7.67622,0.241313,0.213756,9754
1062,2378.9,10.5685,0.260247,0.213261,9754
1194,2375.32,6.65657,0.188796,0.149847,9754
1063,2336.01,11.4025,0.172072,0.174689,9754
1193,2324.13,6.60751,0.097571,0.142582,9754
1192,2342.61,8.45806,0.170237,0.152991,9754
1073,2719.93,19.2877,0.330358,0.440771,9754
1395,584.233,4.23216,0.1105,0.0841524,9754
1394,557.663,5.73134,0.158342,0.120448,9754
1393,541.801,4.65861,0.129443,0.0951851,9754
1392,541.548,5.65966,0.129531,0.104075,9754
1391,530.783,5.20369,0.125223,0.11382,9754
1390,536.644,5.14056,0.111937,0.117061,9754
1389,520.049,4.04562,0.10112,0.0773414,9754
1388,507.698,4.48132,0.106856,0.121545,9754
1387,471.662,4.35097,0.0965612,0.0799047,9754
1386,525.453,4.63717,0.106785,0.0926078,9754
1385,537.62,4.53327,0.0964395,0.0955249,9754
1384,542.785,4.75758,0.110573,0.0997166,9754
1383,555.043,4.40807,0.127848,0.102703,9754
1382,607.257,4.36448,0.111133,0.107075,9754
1065,2414.82,8.5944,0.212097,0.16786,9754
1064,2336.01,1286.29,8.16105,1.12308,9754
1381,763.346,421.447,6.12459,2.51593,9754
1380,1233.8,322.372,3.75028,2.28939,9754
1379,1300.93,264.146,0.80764,0.661001,9754
1378,950.522,38.6383,0.769238,0.618444,9754
1377,736.662,231.246,2.96064,0.511399,9754
1376,535.395,211.224,7.31995,6.18708,9754
1375,901.531,248.169,4.32669,4.69059,9754
1374,483.711,4.27624,0.0933358,0.0972271,9754
1373,496.801,4.69747,0.099601,0.104491,9754
1372,503.241,3.93724,0.133671,0.109749,9754
1371,544.378,4.15819,0.10917,0.101981,9754
1370,523.689,3.91514,0.0971227,0.0978025,9754
1369,584.167,3.89512,0.114817,0.0865631,9754
1368,592.452,3.76999,0.101904,0.101851,9754
1056,2374.51,6.25763,0.143717,0.151881,9754
1218,2579.94,5.56144,0.195816,0.174885,9754
1039,2419.03,6.26587,0.1409,0.140066,9754
1217,2457,4.59935,0.179658,0.173149,9754
1040,2400.91,5.77331,0.173112,0.172894,9754
1216,2417.2,5.14473,0.119452,0.195878,9754
1041,2381.72,5.42777,0.0949899,0.169965,9754
1215,2371.48,5.48407,0.197833,0.217452,9754
1042,2418.4,5.60196,0.15272,0.200109,9754
1214,2384.06,4.78556,0.164268,0.161642,9754
1043,2449.14,5.31986,0.175297,0.165045,9754
1213,2418.1,5.15657,0.203522,0.164719,9754
1044,2442.71,4.5268,0.159134,0.136933,9754
1212,2374.34,4.3017,0.147193,0.208426,9754
1045,2371.72,5.6182,0.149315,0.224057,9754
1211,2365.62,6.04158,0.277842,0.279403,9754
1210,2394.08,4.65209,0.127123,0.156294,9754
1209,2610.68,5.87175,0.268415,0.148514,9754
1208,2478.28,5.14211,0.171831,0.156312,9754
1048,2518.75,5.1513,0.164597,0.180804,9754
1207,2390.5,4.84374,0.1363,0.163685,9754
1049,2601.71,5.77134,0.107889,0.163803,9754
1206,2469.32,4.86845,0.138836,0.183169,9754
1050,2450.18,5.37195,0.163098,0.153748,9754
1205,2417.49,4.97725,0.135268,0.186781,9754
1051,2460.53,7.86377,0.268827,0.201407,9754
1204,2444.55,4.76144,0.134036,0.159192,9754
1052,2462.73,6.7448,0.179879,0.137234,9754
1203,2433.84,1.25581,0.00,0.079223,9754
1053,2479.46,7.35693,0.129147,0.165481,9754
1202,2494.21,1.68458,0.00,0.0377725,9754
1054,2442.08,7.37305,0.154096,0.178141,9754
1201,2410.44,12.9568,0.288876,0.338046,9754
1046,2635.49,4.68195,0.156264,0.166431,9754
1353,558.651,3.95918,0.110512,0.127836,9754
1352,536.328,4.0846,0.102981,0.126614,9754
1351,515.854,3.81966,0.142633,0.156768,9754
1350,531.932,4.09091,0.0960422,0.109094,9754
1349,474.508,4.14725,0.109609,0.11266,9754
1348,482.709,4.14701,0.0989247,0.114876,9754
1347,526.074,4.37785,0.108372,0.113705,9754
1346,513.475,4.33665,0.142333,0.13812,9754
1345,478.98,4.62841,0.111336,0.105411,9754
1344,535.569,4.28795,0.114514,0.125731,9754
1343,563.062,4.77724,0.12136,0.0897684,9754
1342,583.716,3.59901,0.131216,0.10034,9754
1341,544.881,4.80094,0.131586,0.139647,9754
1340,583.866,4.03953,0.117697,0.112596,9754
1038,2420.26,10.6141,0.183129,0.240663,9754
1055,2666.79,10.2186,0.211333,0.262085,9754
1367,552.482,4.35867,0.114629,0.182797,9754
1366,524.566,4.43236,0.107809,0.123984,9754
1365,506.072,3.7709,0.104902,0.137062,9754
1364,533.214,3.73189,0.103088,0.113117,9754
1363,501.866,3.93437,0.14634,0.134492,9754
1362,531.964,3.86072,0.111917,0.111578,9754
1361,493.726,7.26035,0.145617,0.125355,9754
1360,506.574,4.25616,0.122887,0.163677,9754
1359,495.13,3.88278,0.0941756,0.116319,9754
1358,482.681,3.85224,0.106602,0.107555,9754
1357,514.533,3.42473,0.100078,0.146581,9754
1356,514.096,4.11228,0.10991,0.155212,9754
1355,581.329,3.39408,0.104709,0.108186,9754
1354,617.291,4.47628,0.118646,0.123352,9754
1047,2423.39,7.281,0.187569,0.125517,9754
1227,3713.47,38.6424,0.647683,0.313156,9754
1226,1790.18,1043.65,15.1654,2.78141,9754
1030,2554.84,102.429,2.32312,11.1307,9754
1225,2813.28,457.015,7.74856,16.158,9754
1031,2284.96,124.599,2.98421,9.37689,9754
1224,2675.28,134.123,3.21117,0.574621,9754
1032,2508.23,217.939,2.94402,1.42332,9754
1223,2425.06,902.281,11.706,7.92734,9754
1033,2439.77,62.7645,1.19138,1.29303,9754
1222,2480.24,84.0554,1.26533,1.36557,9754
1034,2697.4,229.817,2.79492,1.45113,9754
1221,2376.67,124.632,1.65349,0.543822,9754
1035,2613.65,257.21,2.82681,0.174029,9754
1220,2880.11,241.122,2.80088,1.50806,9754
1036,2314.55,28.3262,0.80252,4.42833,9754
1219,2599.92,279.398,2.68419,0.698284,9754
1236,2772.99,6.60885,0.185651,0.199331,9754
1165,2454.26,8.57935,0.18202,0.16683,9754
1235,2415.16,5.39924,0.0784464,0.130339,9754
1166,2312.17,7.10593,0.170187,0.157405,9754
1234,2266.29,4.92044,0.128163,0.133425,9754
1167,2348.89,9.30067,0.238597,0.190386,9754
1233,2354.01,5.93977,0.148133,0.14511,9754
1024,2387.97,9.33966,0.199838,0.22198,9754
1232,2376.21,4.82545,0.188718,0.118113,9754
1025,2325.52,9.09089,0.147475,0.153583,9754
1231,2399.87,5.50062,0.116529,0.126863,9754
1026,2268.99,7.96548,0.0990965,0.156162,9754
1230,2313.58,5.86727,0.0988295,0.115479,9754
1027,2341.91,8.81505,0.162448,0.16268,9754
1229,2344.65,7.11971,0.186897,0.167156,9754
1228,2366.88,4.94884,0.00,0.140662,9754
1037,2549.59,6.83424,0.141564,0.325198,9754
1339,574.283,5.37396,0.142205,0.117026,9754
1338,541.34,5.06462,0.129378,0.132228,9754
1337,580.858,3.64984,0.0985246,0.0884769,9754
1336,523.545,4.20616,0.114975,0.0902437,9754
1335,519.346,4.06425,0.101692,0.0816338,9754
1334,537.167,4.40179,0.1043,0.106161,9754
1333,545.439,4.22934,0.110147,0.0983368,9754
1332,519.001,4.26176,0.0970281,0.0936515,9754
1331,594.057,4.57341,0.101585,0.106187,9754
1330,598.307,4.50069,0.111372,0.097502,9754
1329,548.283,4.50681,0.100335,0.0911142,9754
1328,610.632,4.66473,0.117674,0.108479,9754
1327,593.76,4.30239,0.106805,0.102454,9754
1326,618.666,4.72916,0.10592,0.0986464,9754
1029,2447.34,7.07611,0.140998,0.12033,9754
1028,1793.26,1032.71,4.50735,0.603966,9754
1325,930.019,356.228,4.53621,4.92497,9754
1324,978,12.9069,0.233963,0.194984,9754
1323,962.915,23.6016,0.366258,0.268094,9754
1322,909.941,98.2825,1.65493,3.97662,9754
1321,915.23,76.2454,1.193,3.39169,9754
1320,549.241,214.436,3.71734,2.04623,9754
1319,913.59,92.0408,1.59937,4.04267,9754
1318,454.696,4.04302,0.122976,0.103102,9754
1317,405.845,4.01808,0.106691,0.116473,9754
1316,411.192,4.36929,0.120559,0.109034,9754
1315,425.135,4.03981,0.108941,0.116743,9754
1314,459.644,4.02143,0.103274,0.115208,9754
1313,505.835,4.72661,0.126841,0.172981,9754
1312,527.943,4.11248,0.11368,0.120126,9754
1164,2440.4,6.94798,0.214234,0.193324,9754
230,136.176,75.7964,1.48259,0.453907,9754
123,808.763,21.2791,0.569969,0.400129,9754
229,49.4221,79.7997,1.61285,4.47042,9754
124,534.191,64.7465,1.2693,3.15344,9754
228,770.436,632.956,11.9235,15.0764,9754
125,193.06,555.262,6.60971,10.8043,9754
227,54.8488,41.1285,0.960761,2.57355,9754
126,293.053,114.821,2.03989,1.34101,9754
226,2454.32,176.961,2.4483,1.83126,9754
127,2761.24,228.075,3.94291,2.51853,9754
225,2365.98,116.44,1.39879,0.77093,9754
128,2259.87,787.141,10.2072,4.39964,9754
224,2556.9,249.249,2.007,0.405688,9754
129,2338.13,10.9495,0.251581,0.185238,9754
223,2397.47,31.4911,0.543433,2.35234,9754
222,2718.11,265.929,2.85401,0.581051,9754
221,2648.71,13.5802,0.29553,0.260386,9754
220,2480.92,16.1764,0.291004,0.283671,9754
132,2586.73,7.31983,0.266229,0.249655,9754
219,2463.23,13.0267,0.28274,0.284287,9754
133,2382.03,6.24213,0.277794,0.193372,9754
218,2423.03,14.936,0.297873,0.314453,9754
134,2440.51,6.32767,0.218666,0.232492,9754
217,2365.07,15.3519,0.355458,0.393855,9754
135,2356.57,7.22451,0.213095,0.295337,9754
216,2460.15,22.6354,0.589483,0.712635,9754
136,2397.85,6.35745,0.218522,0.210539,9754
215,2398.86,2.13602,0.10731,0.0571661,9754
137,2363.11,9.95091,0.38421,0.248914,9754
214,2456.83,2.30508,0.0178004,0.0583563,9754
138,2461.64,6.86702,0.234856,0.24339,9754
213,2439.26,2.95033,0.0811488,0.0726689,9754
130,2609.34,9.22301,0.272534,0.270573,9754
414,621.265,7.17686,0.17164,0.164047,9754
415,622.565,7.35567,0.226109,0.151454,9754
416,587.932,6.81467,0.180893,0.128373,9754
417,571.858,7.9401,0.215081,0.165854,9754
418,601.154,7.04557,0.203797,0.15737,9754
419,583.969,6.33307,0.152282,0.168171,9754
420,550.931,7.36123,0.193245,0.206334,9754
421,592.747,6.4581,0.180806,0.156566,9754
422,537.032,5.90611,0.157491,0.156127,9754
423,591.891,6.41148,0.180344,0.142698,9754
424,617.693,6.60223,0.198379,0.157557,9754
425,601.918,6.29411,0.190056,0.159845,9754
426,632.511,7.03934,0.282813,0.202962,9754
427,672.309,6.80168,0.210024,0.165741,9754
122,2377,9.13605,0.329732,0.267565,9754
139,2597.68,18.4379,0.356675,0.33747,9754
400,602.667,7.56451,0.199511,0.157852,9754
401,662.651,13.7676,0.313719,0.349727,9754
402,535.672,7.30636,0.194043,0.20718,9754
403,585.819,6.18324,0.157116,0.14564,9754
404,558.247,7.84091,0.243054,0.132192,9754
405,567.72,8.46153,0.304836,0.271615,9754
406,563.276,7.29557,0.231938,0.2023,9754
407,591.821,6.83561,0.155539,0.137728,9754
408,559.728,7.50788,0.182308,0.145587,9754
409,530.663,6.69678,0.20439,0.136943,9754
410,2161.5,1.2002,0.042919,0.0240944,9754
411,586.137,6.5588,0.18554,0.118894,9754
412,617.496,7.99605,0.139221,0.154486,9754
413,627.77,9.26132,0.250157,0.17873,9754
131,2538.11,8.63125,0.363378,0.301054,9754
239,2532.44,11.0935,0.310211,0.228768,9754
238,2383.73,10.0447,0.226629,0.200311,9754
114,2458.42,5.88536,0.212908,0.221974,9754
237,2493.42,9.855,0.263236,0.270263,9754
115,2302.43,6.80931,0.227258,0.206505,9754
236,2258.44,10.0501,0.209888,0.217819,9754
116,1839.46,2.12529,0.0833438,0.0390571,9754
235,2387.3,10.5207,0.207621,0.190455,9754
117,2244.76,6.08171,0.155526,0.226814,9754
234,2343.58,11.1839,0.198678,0.300132,9754
118,2269.14,5.88762,0.195452,0.211243,9754
233,2310.21,12.7081,0.188657,0.270525,9754
119,2353.45,6.95426,0.259263,0.24682,9754
232,2307.66,12.7571,0.254208,0.275644,9754
120,2345.03,6.78588,0.188497,0.230468,9754
231,2408.27,12.9945,0.368112,0.272143,9754
248,2546.74,16.003,0.343499,0.417618,9754
105,2395.05,10.4179,0.259783,0.245626,9754
247,2393.51,11.7153,0.211813,0.300221,9754
106,2293.41,2.23165,0.115776,0.0696961,9754
246,2322.72,10.9733,0.197997,0.306436,9754
107,2321.42,16.7423,0.386052,0.448837,9754
245,2331.92,11.856,0.245361,0.292375,9754
108,2344.52,8.51343,0.249866,0.247286,9754
244,2370.5,12.1281,0.267296,0.272545,9754
109,2407.74,7.68034,0.215153,0.20923,9754
243,2348.93,12.2829,0.241015,0.329845,9754
110,2362.46,8.52198,0.160768,0.348474,9754
242,2349.48,13.0911,0.236321,0.358007,9754
111,2443.06,6.66238,0.141399,0.222953,9754
241,2438.98,12.143,0.252966,0.258572,9754
240,2479.76,12.6202,0.241859,0.388145,9754
121,2592.44,9.38739,0.284461,0.321245,9754
428,577.029,6.694,0.15785,0.183527,9754
429,612.521,7.66494,0.21772,0.198742,9754
430,523.756,5.5253,0.118469,0.122013,9754
431,585.707,5.89475,0.132458,0.172331,9754
432,552.179,6.13922,0.142113,0.156999,9754
433,517.069,5.97214,0.124504,0.170492,9754
434,524.262,6.21406,0.135361,0.130198,9754
435,443.119,7.16302,0.143183,0.18315,9754
436,492.08,6.97891,0.147139,0.140688,9754
437,505.903,9.86405,0.213512,0.265048,9754
438,482.105,7.12111,0.153542,0.165302,9754
439,521.249,5.90757,0.115747,0.147537,9754
440,502.738,8.59622,0.192489,0.221603,9754
441,554.577,6.87476,0.138525,0.158847,9754
113,2335.95,7.37365,0.216783,0.262373,9754
112,2612.47,10.0438,0.239471,0.319135,9754
442,563.035,7.18288,0.209145,0.24849,9754
443,499.111,6.41441,0.134509,0.171133,9754
444,470.317,6.46788,0.159861,0.174942,9754
445,470.193,5.91903,0.135096,0.121958,9754
446,452.14,5.93332,0.127946,0.191618,9754
447,432.285,6.12245,0.148864,0.280147,9754
448,469.544,6.15303,0.150359,0.145647,9754
449,433.687,5.73819,0.149991,0.138669,9754
450,408.917,5.78096,0.136213,0.169746,9754
451,409.137,5.77451,0.152176,0.153892,9754
452,401.793,6.36992,0.13815,0.157894,9754
453,452.528,6.78451,0.151494,0.213433,9754
454,484.775,7.94262,0.171483,0.174531,9754
455,563.15,7.50547,0.205393,0.192205,9754
104,2410.79,19.0585,0.280837,0.398682,9754
266,2634.57,8.13222,0.268766,0.278603,9754
87,2450.43,6.67063,0.241697,0.194541,9754
265,2431.33,7.48151,0.2343,0.223736,9754
88,4095,0,0,0,9754
264,2444.6,6.64606,0.20118,0.184466,9754
89,2405.51,6.99167,0.262181,0.181887,9754
263,2379.5,6.23345,0.208577,0.18542,9754
90,2403.5,9.47631,0.310926,0.339828,9754
262,2445.1,6.65554,0.23364,0.185309,9754
91,2436.7,7.00347,0.27848,0.270644,9754
261,2449.4,6.79094,0.234242,0.200214,9754
92,2408.79,6.95433,0.222227,0.200494,9754
260,2442.16,6.45916,0.20411,0.197619,9754
93,2534.93,7.01573,0.210239,0.188546,9754
259,2542.14,7.74069,0.236102,0.210582,9754
258,2485.66,7.84343,0.21308,0.19015,9754
257,2569.88,7.00288,0.251743,0.22907,9754
256,2446.58,6.7036,0.256737,0.19328,9754
96,2512.09,6.95285,0.249185,0.193823,9754
255,2423.62,7.24261,0.259303,0.322794,9754
97,2501.22,6.45312,0.240165,0.199828,9754
254,2399.86,6.64156,0.194214,0.241869,9754
98,2458.6,6.54664,0.200597,0.203992,9754
253,2399.54,7.22512,0.152435,0.25163,9754
99,2401.03,6.97723,0.23299,0.189101,9754
252,2467.82,6.50274,0.23011,0.214102,9754
100,2454.09,6.687,0.244181,0.21963,9754
251,2529.36,6.30417,0.21949,0.190585,9754
101,2400.71,6.79819,0.251376,0.251456,9754
250,2438.71,7.307,0.213848,0.239016,9754
102,2423.11,7.91103,0.202386,0.32117,9754
249,2447.69,11.6776,0.255576,0.300864,9754
94,2651.27,7.41827,0.264251,0.238142,9754
470,518.109,5.46856,0.15073,0.159001,9754
471,489.698,6.83853,0.17787,0.140813,9754
472,522.352,6.51048,0.124509,0.147686,9754
473,500.097,7.258,0.168575,0.186424,9754
474,493.131,6.434,0.189136,0.14891,9754
475,491.542,6.7372,0.227351,0.147732,9754
476,465.37,6.27505,0.208906,0.148013,9754
477,498.461,6.53609,0.187773,0.155749,9754
478,2060.55,1.8582,0.0300086,0.03089,9754
479,2290.53,1.49537,0.129912,0.0279358,9754
480,462.36,6.05353,0.185208,0.123928,9754
481,515.342,5.90491,0.213083,0.157815,9754
482,604.968,6.89167,0.224562,0.16738,9754
483,609.341,6.45203,0.200377,0.144889,9754
86,2377.99,8.25187,0.263332,0.277555,9754
103,2631.05,9.77405,0.217432,0.269951,9754
456,557.182,6.79771,0.304691,0.223719,9754
457,565.924,5.55141,0.262973,0.382114,9754
458,501.251,4.1998,0.154754,0.185943,9754
459,506.279,4.56832,0.217535,0.297226,9754
460,472.151,5.22362,0.159012,0.102445,9754
461,2114.08,1.02892,0.0909267,0.0125944,9754
462,497.192,5.88147,0.114589,0.129971,9754
463,503.256,6.5516,0.188417,0.256329,9754
464,3665.99,1.3303,0.148797,0.0187118,9754
465,542.707,4.92613,0.143726,0.109145,9754
466,517.307,3.62996,0.153168,0.138741,9754
467,580.295,5.40752,0.155129,0.137158,9754
468,588.444,5.47562,0.129851,0.110232,9754
469,605.747,5.93316,0.188349,0.115507,9754
95,2425.01,6.95916,0.314164,0.360318,9754
275,3177.11,401.54,5.30181,2.12462,9754
274,2859.13,344.067,4.93923,15.4989,9754
78,2158.96,952.671,10.17,2.59196,9754
273,2018.12,1063.28,6.76319,1.93286,9754
79,2706.34,227.842,3.05526,1.63273,9754
272,2431.61,250.658,3.04865,1.4342,9754
80,3097,1041.14,5.28846,1.96376,9754
271,2826.94,143.952,1.94581,10.7987,9754
81,3029.9,20.2161,0.58159,0.606261,9754
270,3003.51,56.9332,1.17173,0.183007,9754
82,2953.39,44.1037,0.975284,0.353362,9754
269,3046.99,16.6506,0.583498,0.376772,9754
83,3044.51,17.4708,0.61329,0.422608,9754
268,3035.96,44.3958,1.29941,1.02067,9754
84,2976.59,20.8226,0.69393,0.713427,9754
267,3024.71,27.7705,1.40212,0.578159,9754
284,2627.61,9.69514,0.330219,0.365481,9754
69,2483.22,9.96853,0.335584,0.407665,9754
283,2414.96,8.87432,0.295313,0.329886,9754
70,2452.98,7.40014,0.181684,0.215024,9754
282,2440.23,7.48363,0.197002,0.280877,9754
71,2405.44,7.67972,0.183806,0.26144,9754
281,2405.02,10.0348,0.266337,0.251091,9754
72,2390.04,7.32766,0.189756,0.239615,9754
280,2374.31,7.63282,0.202743,0.277599,9754
73,2472.08,8.83711,0.320412,0.426715,9754
279,2449.17,7.39376,0.203501,0.267784,9754
74,2448.04,7.61367,0.257596,0.215796,9754
278,2500.29,7.78328,0.246895,0.363318,9754
75,2588.71,7.7094,0.181722,0.293593,9754
277,2497.86,9.26635,0.276632,0.339532,9754
276,2448.21,7.34291,0.249382,0.246745,9754
85,2641.65,9.0993,0.285083,0.26976,9754
484,676.204,8.38863,0.202255,0.189957,9754
485,608.796,9.27196,0.249982,0.252727,9754
486,608.708,8.23522,0.220011,0.180161,9754
487,565.023,9.17947,0.269484,0.299135,9754
488,581.401,7.94595,0.278499,0.21187,9754
489,552.164,7.79411,0.1837,0.147638,9754
490,575.245,9.04518,0.310261,0.226333,9754
491,544.609,8.68191,0.215347,0.16899,9754
492,603.773,9.25227,0.199732,0.172786,9754
493,610.387,9.26867,0.236872,0.190037,9754
494,607.359,9.61116,0.246208,0.185806,9754
495,592.803,8.9952,0.232481,0.142027,9754
496,626.174,11.3501,0.295024,0.265398,9754
497,657.973,9.24789,0.241034,0.169842,9754
77,2516.94,7.96446,0.228604,0.256855,9754
76,1571.22,18.586,0.561674,0.504966,9754
498,1355.76,20.958,0.413385,0.468638,9754
499,1297.96,19.9124,0.378833,0.38639,9754
500,1208.4,21.8149,0.460803,0.469978,9754
501,1380.24,248.867,3.10159,1.08087,9754
502,1188.65,19.988,0.464856,0.326291,9754
503,1088.02,25.6285,0.525849,0.579278,9754
504,1133.08,25.1617,0.463625,0.276202,9754
505,551.876,13.0503,0.312098,0.354976,9754
506,607.286,9.77139,0.16211,0.159289,9754
507,583.333,11.6204,0.262937,0.282325,9754
508,570.81,12.0291,0.227392,0.208439,9754
509,542.544,10.1334,0.211483,0.161151,9754
510,572.277,16.5994,0.254749,0.276713,9754
511,604.623,10.6375,0.151328,0.165339,9754
68,2435.48,11.2475,0.297104,0.324858,9754
158,2818.51,17.6503,0.380996,0.346946,9754
51,2550.22,9.85408,0.309305,0.232368,9754
157,2543.36,14.5017,0.349314,0.282987,9754
52,2526.17,7.82639,0.204091,0.148327,9754
156,2489.68,12.8011,0.27632,0.253382,9754
53,2452.2,7.51512,0.235204,0.170515,9754
155,2505.64,11.3811,0.252416,0.218991,9754
54,2475.13,11.6117,0.291819,0.158144,9754
154,2458.5,9.98095,0.250098,0.195433,9754
55,2545.49,8.18832,0.162405,0.209699,9754
153,2525.72,10.1712,0.176365,0.188017,9754
56,2526.6,8.09902,0.255081,0.181809,9754
152,2570.94,10.1156,0.186485,0.205015,9754
57,2585.98,8.44948,0.232521,0.19004,9754
151,2605.6,12.4683,0.269141,0.250064,9754
150,2606.52,13.285,0.298429,0.181573,9754
149,2656.38,10.7325,0.44028,0.187145,9754
148,2526.9,23.9868,0.548252,5.80361,9754
60,2462.87,7.72851,0.413359,0.196562,9754
147,2466.38,24.0873,0.712703,6.35642,9754
61,2471.01,24.8507,0.816329,7.11048,9754
146,2468.1,22.8539,0.705732,6.31281,9754
62,2456.95,20.9227,0.654376,6.00632,9754
145,2441.9,22.1,0.701369,6.33856,9754
63,2473.63,25.6939,0.849286,7.98514,9754
144,2363.17,43.3708,0.78105,7.2227,9754
64,2504.98,23.1057,0.725787,6.44735,9754
287,0,0,0,0,9754
65,2415.6,26.0649,0.8425,7.67655,9754
286,2410.99,17.159,0.661151,6.43546,9754
66,2526.31,7.1319,0.529478,0.210562,9754
285,2454.76,28.1142,0.631556,6.03607,9754
58,2711.71,10.1317,0.230238,0.170653,9754
385,708.029,8.54457,0.225589,0.202074,9754
384,642.554,9.20268,0.236453,0.213202,9754
383,711.495,9.01649,0.208177,0.193297,9754
382,618.533,9.33269,0.25554,0.21832,9754
381,607.482,8.63916,0.218215,0.164611,9754
380,636.924,10.9579,0.285662,0.183431,9754
379,618.969,9.94964,0.238298,0.160522,9754
378,660.027,8.33982,0.200742,0.146704,9754
377,676.737,7.75659,0.183595,0.129119,9754
376,698.741,9.77249,0.309564,0.201301,9754
375,671.193,7.52993,0.211701,0.135443,9754
374,684.726,7.88573,0.168914,0.142945,9754
373,712.231,7.53398,0.178469,0.1837,9754
372,744.736,8.17086,0.206774,0.129117,9754
50,2542,14.0946,0.332427,0.177631,9754
67,2608.01,13.4443,0.32366,0.327975,9754
399,522.679,7.58301,0.155704,0.173377,9754
398,474.895,11.519,0.198448,0.190154,9754
397,487.42,8.7705,0.133138,0.170348,9754
396,422.873,9.18148,0.143646,0.142949,9754
395,465.34,8.32795,0.157715,0.142757,9754
394,456.342,8.65258,0.194266,0.211599,9754
393,399.892,8.87529,0.151128,0.165803,9754
392,410.396,9.06207,0.158327,0.190227,9754
391,442.164,10.8115,0.234218,0.212253,9754
390,449.263,11.1909,0.280972,0.226736,9754
389,469.465,8.64924,0.166209,0.180296,9754
388,495.278,9.29638,0.180814,0.180244,9754
387,570.716,10.2104,0.275663,0.213262,9754
386,548.73,8.94158,0.21252,0.167962,9754
59,2448.8,13.9506,0.302328,0.347226,9754
167,3790.78,411.42,6.57916,4.52994,9754
166,2989.54,26.5847,0.631331,0.66079,9754
42,3530.34,239.926,5.00469,12.8429,9754
165,2427.52,913.397,9.3082,5.00935,9754
43,3049.9,17.7468,0.298209,0.620083,9754
164,2772.32,262.163,2.08915,0.971199,9754
44,2989.59,23.5068,0.908887,0.836876,9754
163,3040.36,23.628,0.657946,0.674963,9754
45,2888.06,244.695,3.43464,2.43089,9754
162,2729.58,265.271,2.05128,0.286159,9754
46,2592.61,234.847,2.60018,1.45992,9754
161,2694.02,279.54,1.36091,0.776155,9754
47,3457.31,513.524,5.53804,0.640335,9754
160,2467.78,62.6306,1.07577,1.3998,9754
48,2698.46,262.008,1.65741,0.205434,9754
159,3026.53,177.482,2.43433,4.59171,9754
176,2597.27,23.2823,0.486626,0.457474,9754
33,2556.27,1.73697,0.00,0.0680584,9754
175,2458.22,14.7851,0.293155,0.297278,9754
34,2392.12,1.95679,0.123636,0.0578437,9754
174,2415.36,14.6463,0.314944,0.319929,9754
35,2499.69,12.2288,0.20389,0.248025,9754
173,2368.39,15.3728,0.407355,0.310638,9754
36,2412.05,10.5619,0.290118,0.20091,9754
172,2296.34,14.0046,0.338512,0.291928,9754
37,2419.29,8.64191,0.263274,0.347695,9754
171,2395.68,10.7437,0.258621,0.23754,9754
38,2440.62,7.40811,0.221318,0.290495,9754
170,2436.05,10.8606,0.268304,0.29048,9754
39,2443.33,7.68797,0.147661,0.240114,9754
169,2467.08,11.6577,0.229408,0.257532,9754
168,2398.91,11.7884,0.318175,0.273428,9754
49,2641.13,10.9301,0.325346,0.341946,9754
371,721.255,7.02388,0.184733,0.146632,9754
370,695.164,8.55894,0.240938,0.307364,9754
369,660.611,6.65082,0.206635,0.135213,9754
368,653.459,6.4659,0.160777,0.111894,9754
367,633.046,7.43981,0.195275,0.20017,9754
366,627.526,6.51981,0.165588,0.15675,9754
365,633.445,7.23282,0.186291,0.171697,9754
364,682.258,7.0717,0.193589,0.149977,9754
363,690.267,6.62613,0.183983,0.139495,9754
362,695.952,7.54268,0.226029,0.186647,9754
361,691.376,7.4311,0.246133,0.19749,9754
360,688.537,6.15515,0.193049,0.123523,9754
359,752.353,6.57504,0.174168,0.12433,9754
358,685.689,6.86083,0.194826,0.137027,9754
41,2569.19,7.88203,0.262759,0.26113,9754
40,1372.91,699.44,12.1819,12.3867,9754
357,1260.33,32.1502,0.65691,3.74799,9754
356,1226.3,22.5497,0.339064,0.3191,9754
355,1301.91,57.6873,1.31235,0.881627,9754
354,1139.16,66.5255,0.976228,3.92994,9754
353,1589.87,56.6196,0.870101,3.17548,9754
352,1313.76,203.964,3.58416,2.6954,9754
351,1108.07,36.8053,0.612939,2.96788,9754
350,538.46,6.63272,0.163432,0.14224,9754
349,530.293,6.24406,0.197235,0.151378,9754
348,578.185,7.30236,0.199543,0.215693,9754
347,528.91,6.19569,0.157362,0.152166,9754
346,579.266,6.43728,0.143314,0.220112,9754
345,609.123,7.24174,0.224626,0.18264,9754
344,603.993,6.1096,0.192719,0.168373,9754
32,2468.39,34.8349,0.652482,0.628537,9754
194,2546.54,15.449,0.381834,0.378674,9754
15,2439.38,11.2035,0.296317,0.301127,9754
193,2444.93,10.3997,0.241928,0.278149,9754
16,2401.99,10.2516,0.179937,0.191837,9754
192,2385.68,9.38952,0.201313,0.206599,9754
17,2379.53,7.50375,0.176865,0.213966,9754
191,2339.43,9.08991,0.229632,0.238438,9754
18,2387.57,8.13611,0.206943,0.267129,9754
190,2349.75,9.28432,0.248739,0.29727,9754
19,2431.59,8.77237,0.302179,0.320761,9754
189,2330.39,8.10931,0.189775,0.195392,9754
20,2426.82,8.44527,0.297184,0.367528,9754
188,2325.13,7.2312,0.170127,0.229617,9754
21,2374.46,7.68688,0.259117,0.258638,9754
187,2355.02,6.75837,0.237821,0.278863,9754
186,2392.21,7.4498,0.205786,0.236177,9754
185,2594.3,7.73431,0.134744,0.294475,9754
184,2426,7.7997,0.278858,0.422499,9754
24,2391.01,6.51378,0.206337,0.182637,9754
183,2415.26,7.93852,0.332447,0.304294,9754
25,2408.79,7.20104,0.111068,0.262242,9754
182,2433.82,8.5896,0.261113,0.296614,9754
26,2407.71,7.17067,0.201237,0.242006,9754
181,2371.76,8.17938,0.289846,0.320908,9754
27,2346.65,7.90648,0.197027,0.301137,9754
180,2488.45,6.78763,0.299116,0.435279,9754
28,2358.5,8.25903,0.208991,0.436865,9754
179,1681.07,3.94463,0.0860524,0.151463,9754
29,2326.94,6.71925,0.226081,0.263356,9754
178,2393.52,2.52992,0.0569494,0.0466796,9754
30,2389.24,6.83806,0.188464,0.260461,9754
177,2475.94,14.1436,0.454423,0.483936,9754
22,2637.4,7.62439,0.224529,0.252315,9754
329,626.584,6.27446,0.182997,0.16503,9754
328,629.741,9.64563,0.293213,0.343746,9754
327,622.51,7.03674,0.22382,0.210476,9754
326,588.606,5.96876,0.135716,0.107188,9754
325,597.111,6.34817,0.136219,0.139702,9754
324,604.617,6.29844,0.145029,0.135573,9754
323,595.524,6.55915,0.144558,0.152438,9754
322,643.128,6.64182,0.157312,0.200972,9754
321,607.277,6.70203,0.115355,0.142618,9754
320,634.38,7.07174,0.199987,0.21266,9754
319,637.217,9.25332,0.17761,0.281749,9754
318,656.567,6.62026,0.149849,0.142447,9754
317,676.937,7.23601,0.152862,0.143989,9754
316,650.006,6.28281,0.132888,0.142854,9754
14,2345.26,13.3682,0.253128,0.232141,9754
31,2596.26,8.69383,0.294584,0.262724,9754
343,502.196,5.25421,0.215824,0.221933,9754
342,467.081,6.0475,0.146221,0.217884,9754
341,452.223,4.54916,0.126324,0.183069,9754
340,456.893,4.47586,0.144768,0.144892,9754
339,440.232,4.83247,0.136872,0.169203,9754
338,424.43,5.70716,0.1308,0.162181,9754
337,428.45,8.214,0.138945,0.185192,9754
336,427.444,6.09703,0.122475,0.151132,9754
335,444.9,6.4452,0.208621,0.192568,9754
334,479.84,5.88686,0.132261,0.165392,9754
333,433.316,5.88688,0.202013,0.143582,9754
332,457.495,5.08962,0.131333,0.125407,9754
331,460.026,1.41966,0.0277652,0.00859911,9754
330,523.538,6.45536,0.158892,0.192914,9754
23,2364.71,8.4766,0.188833,0.297388,9754
203,2474.38,9.19374,0.236881,0.181965,9754
202,2286.08,7.96026,0.172239,0.172891,9754
6,2270.3,6.55096,0.193283,0.192058,9754
201,2146.49,3.25,0.115827,0.0729427,9754
7,2250.37,6.31366,0.168591,0.209921,9754
200,2280.09,8.7935,0.187097,0.180587,9754
8,2238.19,8.17298,0.221567,0.21278,9754
199,2257.85,8.34786,0.171563,0.202358,9754
9,2291.47,7.18903,0.17661,0.205937,9754
198,2249.61,10.3348,0.171102,0.243184,9754
10,2229.14,6.87034,0.0954097,0.194545,9754
197,2331.35,10.6421,0.20417,0.221187,9754
11,2349.36,8.44348,0.172821,0.183243,9754
196,2297.94,13.7471,0.321818,0.261139,9754
12,2272.92,7.68282,0.218998,0.179184,9754
195,2255.42,11.746,0.184341,0.322973,9754
212,2540.82,15.3031,0.367869,0.453668,9754
141,2338.34,7.29828,0.226952,0.210913,9754
211,2319.51,6.06479,0.204881,0.176333,9754
142,2327.82,6.22904,0.186271,0.175808,9754
210,3430.69,0.983235,0.00,0.0117547,9754
143,2335.66,6.10158,0.20623,0.199707,9754
209,2262.02,6.90965,0.169422,0.176188,9754
0,1771.6,3.50361,0.0714347,0.0758529,9754
208,2311.3,7.54887,0.204453,0.244966,9754
1,2252.44,5.5302,0.18091,0.17413,9754
207,2270.84,7.19672,0.204805,0.184866,9754
2,2332.57,5.94585,0.118738,0.178772,9754
206,2348.29,8.01754,0.131184,0.197129,9754
3,2367.07,7.31747,0.237344,0.245058,9754
205,2318.5,6.73154,0.148629,0.166427,9754
204,2377.22,9.15089,0.242733,0.236919,9754
13,2591.91,10.2278,0.244393,0.225626,9754
315,621.86,8.09716,0.171415,0.122178,9754
314,605.046,8.98374,0.200403,0.129831,9754
313,611.582,8.6848,0.214912,0.148374,9754
312,589.75,7.41262,0.154166,0.107452,9754
311,585.243,8.83653,0.208152,0.166616,9754
310,553.512,2.1627,0.0670648,0.0549543,9754
309,554.139,8.13887,0.16209,0.128514,9754
308,571.782,9.34334,0.323682,0.190291,9754
307,550.34,7.55275,0.146341,0.132018,9754
306,560.432,7.14248,0.16607,0.117442,9754
305,598,7.98812,0.168894,0.133011,9754
304,579.224,7.79021,0.225466,0.178181,9754
303,613.196,7.96413,0.188704,0.138443,9754
302,620.294,7.95831,0.161257,0.128791,9754
5,2417.88,6.69018,0.246654,0.182737,9754
4,2646.31,6.96348,0.146849,0.203624,9754
301,652.122,7.32248,0.180275,0.137707,9754
300,589.707,7.6886,0.167291,0.149531,9754
299,583.374,7.69866,0.181146,0.176846,9754
298,532.993,7.71825,0.185977,0.125652,9754
297,536.719,7.4334,0.198182,0.151079,9754
296,591.977,7.04574,0.14547,0.130959,9754
295,518.477,6.88556,0.144812,0.170249,9754
294,535.189,6.84355,0.181531,0.150923,9754
293,511.921,8.05811,0.191942,0.183223,9754
292,564.278,6.98659,0.188136,0.153638,9754
291,555.285,6.35236,0.149471,0.136896,9754
290,584.399,5.89772,0.152594,0.151897,9754
289,610.606,8.68275,0.168837,0.182887,9754
288,655.578,5.11892,0.131835,0.133108,9754
140,2433.17,11.3238,0.267035,0.267897,9754
741,2685.05,22.6734,0.320306,0.299452,9754
634,2388.8,17.628,0.2422,0.425721,9754
740,2285.05,23.6883,0.26814,0.298897,9754
635,2319.84,16.0259,0.187966,0.401803,9754
739,2410.29,16.3652,0.269495,0.321123,9754
636,2381.77,25.4075,0.278197,0.605897,9754
738,2327.57,12.7221,0.171247,0.23359,9754
637,2337.35,21.0924,0.283167,0.464534,9754
737,2233.37,21.7747,0.26532,0.299184,9754
638,2343.1,21.9245,0.292892,0.510868,9754
736,2420.93,21.5569,0.175043,0.253287,9754
639,2443.12,17.6856,0.240872,0.49604,9754
735,2344.64,27.214,0.378017,0.363246,9754
640,2365.3,19.6389,0.251108,0.327645,9754
734,2504.01,13.5299,0.238558,0.164186,9754
733,2440.9,17.3682,0.199895,0.3015,9754
732,2663.11,10.4688,0.188461,0.34496,9754
731,2271.73,9.73635,0.214581,0.38956,9754
643,2411.32,15.9333,0.293859,0.340825,9754
730,2255.37,7.40475,0.150992,0.13459,9754
644,2399.89,13.8495,0.385519,0.606705,9754
729,2212.67,6.71535,0.183449,0.242785,9754
645,2138.61,9.03073,0.174654,0.206842,9754
728,2173.35,20.1272,0.228457,0.442511,9754
646,2196.89,7.28517,0.136024,0.126015,9754
727,2265,2.20226,0.0675433,0.0411174,9754
647,2168.06,32.1233,0.576503,0.580636,9754
726,2201.11,1.68297,0.120246,0.0406786,9754
648,2199.45,12.8976,0.247456,0.363983,9754
725,2320.74,1.96161,0.119717,0.0402205,9754
649,2291.33,27.5994,0.36375,0.345524,9754
724,2388.18,2.46836,0.0589782,0.0445606,9754
641,2671.67,21.9726,0.378671,0.384846,9754
1009,488.273,5.66511,0.11819,0.0951625,9754
1008,429.596,5.29474,0.140855,0.165263,9754
1007,397.253,5.06029,0.101647,0.105721,9754
1006,375.606,6.03682,0.149422,0.188149,9754
1005,431.89,5.19911,0.0953727,0.112812,9754
1004,365.617,4.98627,0.119208,0.0853391,9754
1003,414.836,5.83777,0.111714,0.0967561,9754
1002,352.265,4.70072,0.081183,0.0909816,9754
1001,377.532,5.17379,0.228338,0.243659,9754
1000,389.87,3.75808,0.0780473,0.0578024,9754
999,402.579,4.24995,0.0900582,0.0977702,9754
998,436.685,4.2413,0.0343311,0.480325,9754
997,496.799,7.73592,0.279531,0.18046,9754
996,476.158,5.85959,0.122741,0.119754,9754
633,2438.01,22.6414,0.346221,0.519036,9754
650,2646.51,21.3574,0.366211,0.604641,9754
1023,465.039,7.41829,0.129268,0.171318,9754
1022,442.911,18.6109,0.343124,0.416769,9754
1021,422.473,7.10933,0.157271,0.234047,9754
1020,396.42,7.3422,0.172241,0.244522,9754
1019,325.568,6.34699,0.125532,0.262437,9754
1018,414.993,9.51973,0.143069,0.284125,9754
1017,391.15,4.50845,0.139,0.122968,9754
1016,465.016,6.40678,0.108447,0.122011,9754
1015,363.994,5.73799,0.122633,0.168439,9754
1014,371.027,6.04883,0.180184,0.265856,9754
1013,409.446,6.57177,0.124658,0.163735,9754
1012,445.085,8.51314,0.410981,0.196218,9754
1011,494.223,5.11607,0.32471,0.301662,9754
1010,469.459,5.42256,0.104866,0.105446,9754
642,2453.41,12.5871,0.228596,0.276715,9754
750,2673.12,9.15926,0.165516,0.21087,9754
749,2643.81,9.96465,0.197497,0.178466,9754
625,2373.73,26.0085,0.374286,0.664774,9754
748,2445.64,10.6546,0.177699,0.235155,9754
626,2387.97,30.8266,0.319027,1.11659,9754
747,2253.81,9.9363,0.115998,0.166118,9754
627,4095,0,0,0,9754
746,2290.73,21.4561,0.38856,0.263515,9754
628,2185.97,43.2127,0.615061,0.813986,9754
745,2380.46,18.4129,0.275517,0.380672,9754
629,2300.42,64.8681,0.769268,1.47859,9754
744,2444.03,24.1728,0.344252,0.481517,9754
630,2365.72,61.993,0.814948,1.53099,9754
743,2331.77,13.6046,0.166173,0.20033,9754
631,2268.35,50.0005,0.61407,1.35137,9754
742,2263.93,16.5615,0.201648,0.334655,9754
759,2779.56,7.99248,0.222604,0.140552,9754
616,2518.74,2.75559,0.00,0.0610201,9754
758,2415.46,5.99772,0.226868,0.137881,9754
617,2564.25,3.07728,0.00,0.0822129,9754
757,2451.99,5.81208,0.1848,0.140126,9754
618,2533.38,161.368,2.53342,3.85488,9754
756,2287.87,6.0926,0.141424,0.0964434,9754
619,2356.64,7.43582,0.251051,0.204739,9754
755,2292.89,6.257,0.268949,0.172778,9754
620,2300.91,11.2137,0.284336,0.211495,9754
754,2352.66,6.5081,0.256351,0.138244,9754
621,2520.53,9.78986,0.177713,0.198521,9754
753,2412.82,8.80201,0.193727,0.14299,9754
622,2545.32,18.3466,0.314278,0.383135,9754
752,2492.19,8.95506,0.205583,0.247125,9754
751,2378.76,10.5724,0.107637,0.16562,9754
632,2558.22,47.8786,0.720311,1.00533,9754
995,398.311,5.16492,0.0923688,0.0884711,9754
994,351.663,7.7311,0.174856,0.136346,9754
993,310.497,4.83362,0.118509,0.130284,9754
992,327.792,4.67151,0.103141,0.0774265,9754
991,378.479,9.92929,0.167111,0.173335,9754
990,351.814,6.40019,0.12071,0.133386,9754
989,308.24,7.9211,0.110712,0.155891,9754
988,352.162,7.4284,0.108135,0.147452,9754
987,312.692,6.98397,0.122754,0.158023,9754
986,362.55,8.41312,0.194056,0.177301,9754
985,378.918,5.80628,0.107227,0.146133,9754
984,413.439,5.97009,0.0928611,0.117669,9754
983,472.102,5.82783,0.102377,0.0979817,9754
982,536.351,6.95285,0.164567,0.116469,9754
624,2204.8,23.6166,0.25371,0.459019,9754
623,2479.98,10.2682,0.22364,0.192065,9754
981,462.365,5.80872,0.100319,0.0882762,9754
980,395.434,5.53785,0.113054,0.091437,9754
979,402.205,5.00658,0.10248,0.0819549,9754
978,422.094,5.56467,0.11196,0.0946018,9754
977,333.43,4.5247,0.0924425,0.0749382,9754
976,370.93,4.83397,0.104664,0.100567,9754
975,339.679,4.72342,0.112881,0.0859757,9754
974,332.687,4.36305,0.111984,0.076519,9754
973,315.294,5.79302,0.108306,0.106505,9754
972,334.268,4.90581,0.126781,0.0656665,9754
971,2745.18,1.78537,0.00,0.0214296,9754
970,475.258,5.65064,0.100274,0.103227,9754
969,455.313,5.57171,0.147599,0.128754,9754
968,410.048,5.41815,0.0980804,0.101488,9754
615,2265.97,2.41396,0.0573453,0.0581691,9754
777,2626.59,8.88353,0.214897,0.189274,9754
598,2403.4,19.594,0.272503,0.605757,9754
776,2262.08,5.3815,0.14472,0.114599,9754
599,2412.55,16.9117,0.292625,0.372741,9754
775,2314.65,5.26518,0.201991,0.11825,9754
600,2273.05,18.4945,0.258425,0.551536,9754
774,2210.89,5.77914,0.13336,0.140672,9754
601,2329.49,14.043,0.186221,0.360777,9754
773,2223.68,6.29558,0.00,0.108495,9754
602,2319.6,10.98,0.17169,0.283932,9754
772,2326.06,4.74333,0.0727045,0.110027,9754
603,2359.8,8.71695,0.13182,0.286862,9754
771,2314.1,8.63321,0.198796,0.163791,9754
604,2388.68,6.66343,0.202494,0.151421,9754
770,2982.87,2.93927,0.00,0.0411992,9754
769,2628.29,15.5286,0.406139,0.259875,9754
768,2658.71,14.5511,0.234789,0.266226,9754
767,2387.5,18.8034,0.252957,0.318828,9754
607,2404.5,7.5467,0.0940901,0.183789,9754
766,2416.01,17.7869,0.32191,0.265081,9754
608,2540.85,6.21829,0.124332,0.152976,9754
765,2493.34,15.6862,0.187076,0.258646,9754
609,2301.94,7.04313,0.191944,0.217198,9754
764,2209.58,12.5455,0.169666,0.186803,9754
610,2323.38,6.84711,0.19146,0.165024,9754
763,2351.76,16.853,0.258224,0.256489,9754
611,2318.05,6.09044,0.130751,0.13283,9754
762,2329.79,14.706,0.200632,0.26508,9754
612,2330.21,8.17775,0.173272,0.183196,9754
761,2330.09,25.4448,0.27871,0.425977,9754
613,2350.02,10.4214,0.127269,0.254766,9754
760,2346.38,17.6131,0.2519,0.280807,9754
605,2667.37,10.1169,0.240561,0.189654,9754
953,547.85,5.8188,0.107033,0.123385,9754
952,461.956,6.57212,0.132941,0.111556,9754
951,525.157,5.31061,0.112049,0.10924,9754
950,415.495,5.5537,0.134471,0.101729,9754
949,419.502,5.31863,0.0980532,0.103516,9754
948,432.593,4.68328,0.210817,0.276997,9754
947,373.893,7.62856,0.254541,0.238828,9754
946,366.233,4.63495,0.10087,0.0728232,9754
945,495.675,4.25872,0.123208,0.0905533,9754
944,465.946,4.73302,0.095509,0.0947279,9754
943,2388.45,1.45529,0.00,0.00987765,9754
942,4095,0,0,0,9754
941,533.946,6.88509,0.1299,0.117354,9754
940,592.552,6.95394,0.126917,0.108992,9754
597,2506.07,47.7147,0.420436,0.935347,9754
614,2519.47,87.885,1.13062,1.70606,9754
967,520.799,6.04387,0.283404,0.211467,9754
966,443.859,13.8087,0.263112,0.264206,9754
965,492.172,7.10037,0.159905,0.182043,9754
964,412.422,6.92566,0.130836,0.14582,9754
963,380.598,8.24245,0.200666,0.276832,9754
962,397.821,6.45933,0.14109,0.136228,9754
961,349.956,9.60057,0.150512,0.204303,9754
960,350.239,7.75781,0.136774,0.169804,9754
959,453.918,10.1266,0.16927,0.39662,9754
958,474.533,10.2094,0.129954,0.205611,9754
957,404.571,7.73287,0.133837,0.164511,9754
956,450.011,9.85143,0.264004,0.281611,9754
955,514.476,7.8152,0.189461,0.298858,9754
954,0,0,0,0,9754
606,2817.48,0.736563,0.0909473,0.0377424,9754
786,2644.69,10.4745,0.107376,0.203037,9754
785,2392.28,10.0389,0.150864,0.17454,9754
589,2373.02,8.98518,0.110581,0.166153,9754
784,2338.39,10.0419,0.191222,0.169173,9754
590,2362.77,8.33119,0.185495,0.183866,9754
783,2275.9,7.20997,0.16485,0.148336,9754
591,2278.13,8.77057,0.184333,0.123146,9754
782,2373.04,7.94382,0.171321,0.152681,9754
592,2314.09,7.4513,0.135351,0.131654,9754
781,2206.13,6.15395,0.099595,0.142851,9754
593,2353.89,9.05742,0.14652,0.194652,9754
780,2316.74,4.87241,0.139891,0.0843277,9754
594,2242.89,12.1752,0.145031,0.312291,9754
779,2203.79,6.13663,0.125388,0.118415,9754
595,2261.05,9.30595,0.153465,0.226252,9754
778,2246.5,6.41172,0.186406,0.165123,9754
795,2581.57,10.6324,0.123954,0.201602,9754
580,2390.73,3.25596,0.0458618,0.0320509,9754
794,2384.87,9.44385,0.145566,0.153233,9754
581,2279.16,60.0949,0.469494,0.951772,9754
793,2332.73,10.9042,0.201815,0.163428,9754
582,2372.51,7.96421,0.130122,0.184803,9754
792,2331.38,7.58181,0.0739047,0.135747,9754
583,2429.83,7.88959,0.0758443,0.168682,9754
791,2341.74,8.84341,0.114019,0.116079,9754
584,2279.96,8.84518,0.100811,0.128608,9754
790,2350.36,8.3621,0.167854,0.155019,9754
585,2367.92,10.2296,0.224037,0.216629,9754
789,2431.57,11.7406,0.112964,0.223651,9754
586,2266.51,8.67852,0.145433,0.154329,9754
788,2361.37,11.2814,0.284048,0.303742,9754
787,2382.61,10.0375,0.102785,0.211128,9754
596,2880.33,20.7217,0.352664,0.415165,9754
939,456.318,4.17987,0.113755,0.0913087,9754
938,423.165,8.39722,0.162152,0.141038,9754
937,430.464,5.4065,0.135568,0.0782012,9754
936,395.165,4.428,0.114435,0.0853226,9754
935,399.25,4.78905,0.094369,0.115482,9754
934,411.692,4.55861,0.114404,0.100632,9754
933,406.057,5.25267,0.134789,0.120376,9754
932,390.334,5.23915,0.113351,0.142214,9754
931,357.565,6.25447,0.118476,0.12704,9754
930,411.077,6.01356,0.124524,0.109303,9754
929,395.06,5.52014,0.10521,0.0961267,9754
928,522.782,5.31227,0.120874,0.100453,9754
927,471.493,6.80597,0.106765,0.123788,9754
926,535.356,6.36961,0.116087,0.12646,9754
588,2587.2,7.75758,0.168254,0.181767,9754
587,2723.36,8.03525,0.147172,0.17863,9754
925,514.653,6.12402,0.152362,0.242202,9754
924,485.391,5.35342,0.098284,0.146395,9754
923,431.542,5.41534,0.107144,0.110189,9754
922,432.301,5.58125,0.10882,0.121325,9754
921,440.383,5.34577,0.144738,0.167792,9754
920,427.527,5.48191,0.10942,0.115209,9754
919,463.041,4.94157,0.134591,0.0883993,9754
918,418.714,5.40798,0.141188,0.116022,9754
917,383.434,4.43491,0.140893,0.110704,9754
916,490.474,5.04117,0.123521,0.111898,9754
915,2263.92,2.16251,0.00,0.0275656,9754
914,488.567,4.05807,0.0994123,0.103946,9754
913,478.64,15.1261,2.54066,9.80253,9754
912,569.495,5.32233,0.136033,0.157039,9754
579,2280.39,3.98318,0.145612,0.0834947,9754
669,2232.22,6.91997,0.201749,0.212518,9754
562,2475.29,17.9913,0.208636,0.293035,9754
668,2321.73,16.6898,0.241137,0.412776,9754
563,2183.22,25.694,0.309346,0.459723,9754
667,2191.66,10.2325,0.0592635,0.241303,9754
564,2138.63,14.412,0.177818,0.242057,9754
666,2218.44,7.12059,0.119611,0.150149,9754
565,2145.94,12.379,0.155053,0.194821,9754
665,2277.16,10.903,0.207792,0.16189,9754
566,2065.05,10.1557,0.0977753,0.208003,9754
664,2057.24,4.65999,0.135769,0.201688,9754
567,2151.1,11.5771,0.124417,0.158871,9754
663,2214.63,5.58614,0.106195,0.138633,9754
568,2167.45,9.72332,0.148309,0.191089,9754
662,2255.18,5.42681,0.129754,0.119582,9754
661,2182.95,9.82689,0.176379,0.178467,9754
660,2528.6,9.38388,0.170404,0.170142,9754
659,2395.31,5.68379,0.154492,0.147965,9754
571,2464.88,8.31324,0.191174,0.16997,9754
658,2401.35,6.23191,0.119261,0.156555,9754
572,2326.73,8.18511,0.198814,0.180325,9754
657,2333.2,5.32124,0.0984259,0.123102,9754
573,2447.34,7.65714,0.11268,0.185939,9754
656,2729.16,1.05392,0.00,0.0209911,9754
574,2384.89,7.4245,0.139598,0.163649,9754
799,2371.64,7.2021,0.22701,0.238672,9754
575,2402.44,9.3249,0.126912,0.188867,9754
798,2338.45,5.84858,0.110547,0.150322,9754
576,2499.81,2.61571,0.188085,0.11503,9754
797,2386.37,5.98236,0.0884568,0.134251,9754
577,2455.51,87.2153,0.920843,1.70247,9754
796,661.109,0.416203,0.00,0.0110438,9754
569,475.902,7.27023,0.0957624,0.147324,9754
814,421.287,6.87261,0.109369,0.150996,9754
815,412.294,7.96996,0.141126,0.162315,9754
816,480.574,7.97476,0.194729,0.176723,9754
817,430.689,8.70577,0.160676,0.214858,9754
818,394.821,7.04012,0.140758,0.133991,9754
819,484.288,9.25233,0.158266,0.172124,9754
820,683.789,0.524352,0.0187704,0.0110341,9754
821,399.965,6.79178,0.116369,0.114801,9754
822,382.72,7.28474,0.13848,0.142788,9754
823,469.803,7.18702,0.106312,0.114071,9754
824,501.831,7.93759,0.164809,0.185465,9754
825,3516.01,1.64465,0.00,0.018588,9754
826,589.686,6.59045,0.131628,0.119935,9754
827,2305.15,21.0156,0.258196,0.363172,9754
561,536.498,0.56981,0.00923657,0.00829179,9754
578,460.182,6.95695,0.142684,0.172594,9754
800,420.011,6.2871,0.168337,0.120825,9754
801,433.105,9.05307,0.494031,0.325159,9754
802,465.648,5.87795,0.0960995,0.105026,9754
803,339.883,6.2416,0.117061,0.131663,9754
804,2136.34,1.364,0.00,0.0229652,9754
805,341.333,5.97618,0.136458,0.119393,9754
806,673.525,2.32745,0.0152259,0.039719,9754
807,2877.67,1.37334,0.175067,0.041187,9754
808,382.935,6.60405,0.157131,0.128178,9754
809,366.316,6.02758,0.0910093,0.102155,9754
810,514.438,8.68988,0.177496,0.220616,9754
811,477.317,7.50355,0.0911641,0.14404,9754
812,544.897,8.07647,0.125735,0.171742,9754
813,2358.51,4.93151,0.196474,0.168096,9754
570,532.848,0.489613,0.0200674,0.0127398,9754
678,2734.7,9.7241,0.180236,0.219036,9754
677,2376.82,9.70231,0.167535,0.194355,9754
553,2410.13,9.8703,0.200135,0.185318,9754
676,2417.26,9.48034,0.198908,0.206243,9754
554,2386.3,9.98135,0.158385,0.199457,9754
675,2270.04,7.98407,0.184822,0.169749,9754
555,2348.66,12.0187,0.173118,0.224276,9754
674,2331.61,6.79414,0.149515,0.173742,9754
556,2287.46,13.3488,0.199353,0.227916,9754
673,2320.26,7.50592,0.126257,0.142609,9754
557,2345.41,13.1102,0.16608,0.229878,9754
672,2287.5,7.03732,0.173237,0.140368,9754
558,2372.07,17.0366,0.226114,0.312687,9754
671,2391.78,8.59219,0.140561,0.154546,9754
559,2438.77,22.8615,0.356968,0.408755,9754
670,2371.18,11.5954,0.164612,0.227695,9754
687,2653.67,23.0198,0.34545,0.492682,9754
544,2325.72,6.66895,0.187476,0.179854,9754
686,2255.81,8.99898,0.172031,0.177374,9754
545,2268.07,2.76919,0.0818125,0.0732633,9754
685,2230.36,8.35061,0.196554,0.207495,9754
546,2210.4,36.8384,0.472647,0.707743,9754
684,2207.25,6.6867,0.133258,0.16468,9754
547,2243.07,9.58807,0.184867,0.184886,9754
683,2230.15,7.04246,0.120441,0.227683,9754
548,2196.55,8.3833,0.152895,0.163016,9754
682,2146.25,6.43104,0.170135,0.167688,9754
549,2192.6,9.63715,0.119594,0.214232,9754
681,2236.17,9.95592,0.220051,0.235475,9754
550,2190.77,12.6634,0.162522,0.257311,9754
680,2260.08,9.16782,0.160058,0.192451,9754
679,2214.39,10.2333,0.189722,0.201767,9754
560,2662.58,13.8286,0.23409,0.229923,9754
828,613.812,7.88952,0.199781,0.177627,9754
829,545.869,6.43663,0.155005,0.148909,9754
830,459.66,5.61799,0.11298,0.124822,9754
831,460.39,5.35669,0.162319,0.112856,9754
832,440.281,4.00778,0.13166,0.0920274,9754
833,470.246,4.75445,0.129073,0.120598,9754
834,427.755,4.38414,0.150146,0.114001,9754
835,471.376,4.80026,0.119947,0.142437,9754
836,456.326,4.04987,0.100724,0.107256,9754
837,535.919,4.94491,0.112744,0.130827,9754
838,499.852,4.9592,0.128881,0.111917,9754
839,530.678,5.14895,0.0892458,0.120387,9754
840,547.034,5.07687,0.142093,0.128263,9754
841,626.133,5.18627,0.137265,0.105974,9754
552,2356.96,11.3809,0.282635,0.27672,9754
551,2563.83,9.87739,0.432321,0.379055,9754
842,512,0,0,0,9754
843,448,0,0,0,9754
844,448,0,0,0,9754
845,386.772,1.79953,0.121672,0.0831575,9754
846,384,0,0,0,9754
847,388.901,2.57773,0.17655,0.185548,9754
848,384,0,0,0,9754
849,389.015,2.60167,0.0856042,0.0671768,9754
850,0,0,0,0,9754
851,384,0,0,0,9754
852,448,0,0,0,9754
853,465.179,3.03501,0.118147,0.117719,9754
854,512,0,0,0,9754
855,454.274,2.93631,0.0755874,0.0462551,9754
543,2310.43,3.45361,0.00,0.0581386,9754
705,2845.32,23.0786,0.32892,0.529238,9754
526,2663.91,14.9899,0.293342,0.309113,9754
704,2606.62,32.6714,0.332007,0.638591,9754
527,2652.25,14.4792,0.236684,0.278652,9754
703,2516.85,46.6578,0.456126,0.902527,9754
528,2573.93,21.0681,0.363276,0.305053,9754
702,2479.92,47.9182,0.460027,0.946239,9754
529,2595.97,21.6684,0.350713,0.371353,9754
701,2479.94,42.8971,0.381483,0.813737,9754
530,2525.34,17.4582,0.244702,0.327163,9754
700,2421.33,44.6969,0.547537,0.729988,9754
531,2501.17,19.1696,0.313408,0.362189,9754
699,2359.41,44.8278,0.587808,0.815874,9754
532,2517.71,19.8666,0.24767,0.424255,9754
698,2262.7,50.9782,0.458803,0.979864,9754
697,2274.33,37.7078,0.433033,0.679019,9754
696,2450.66,54.7791,0.779305,1.00638,9754
695,2249.79,47.6841,0.475363,0.991302,9754
535,2310.06,27.8001,0.321108,0.437863,9754
694,2283.77,38.7179,0.49393,0.676641,9754
536,2275.85,12.5019,0.259878,0.236855,9754
693,2274.51,28.7934,0.374052,0.5956,9754
537,2279.08,13.2317,0.1681,0.312918,9754
692,2215.61,42.8223,0.493096,0.777003,9754
538,2270.22,9.94545,0.175219,0.174118,9754
691,2205.32,29.6621,0.312811,0.732413,9754
539,2256.11,7.42766,0.18457,0.156931,9754
690,2464.86,8.71372,0.117729,0.186055,9754
540,2358.42,6.53127,0.16654,0.189847,9754
689,2392.02,2.56152,0.114303,0.0524841,9754
541,2286.33,8.13319,0.214095,0.115197,9754
688,2333.05,56.3539,0.699981,1.08198,9754
533,2723.87,21.8344,0.295844,0.455501,9754
870,490.236,7.04553,0.172674,0.12417,9754
871,462.989,8.43541,0.152706,0.155923,9754
872,428.158,6.29095,0.153884,0.112173,9754
873,362.914,5.41486,0.133645,0.103375,9754
874,438.518,4.41292,0.0855892,0.0797233,9754
875,380.676,6.15334,0.148998,0.108174,9754
876,388.951,4.23321,0.0984724,0.0784158,9754
877,361.55,5.51463,0.109922,0.101115,9754
878,408.034,4.55473,0.105977,0.0713739,9754
879,411.804,5.0729,0.106548,0.0737386,9754
880,414.511,4.37856,0.109751,0.0768887,9754
881,481.069,6.49399,0.114829,0.099678,9754
882,545.607,6.80072,0.183053,0.11323,9754
883,503,5.37461,0.0850305,0.0977481,9754
525,2562.63,23.196,0.422494,0.52103,9754
542,2729.87,23.9359,0.396085,0.504121,9754
856,532.226,8.58428,0.144018,0.137407,9754
857,454.347,10.8939,0.165767,0.326177,9754
858,459.769,7.97319,0.164613,0.235287,9754
859,467.122,9.54629,0.131635,0.243104,9754
860,367.61,12.0953,0.219178,0.41182,9754
861,317.566,11.4409,0.156245,0.288981,9754
862,413.108,9.22603,0.208494,0.2222,9754
863,374.65,11.1847,0.145825,0.179551,9754
864,422.38,8.61213,0.139624,0.137085,9754
865,407.69,7.78764,0.103347,0.136803,9754
866,452.207,9.29581,0.139442,0.23,9754
867,399.181,7.92163,0.128638,0.196298,9754
868,449.131,0.470683,0.0245981,0.0283471,9754
869,586.005,7.74324,0.137224,0.210471,9754
534,2325.99,25.7903,0.285448,0.50629,9754
714,2648.59,27.6836,0.373098,0.492689,9754
713,2476.1,34.3407,0.298644,0.568534,9754
517,2234.44,10.359,0.173076,0.202603,9754
712,2215.13,28.1463,0.23568,0.516892,9754
518,2328.06,17.6256,0.254363,0.465714,9754
711,2179.08,31.0723,0.347502,0.466231,9754
519,2358.73,2.96121,0.095392,0.0641586,9754
710,2328.13,17.938,0.24995,0.279951,9754
520,2296.98,32.5655,0.488649,0.595921,9754
709,2143.67,31.5043,0.428221,0.598421,9754
521,2247.26,21.3801,0.298978,0.337231,9754
708,2272.93,27.9247,0.458515,0.393698,9754
522,2390.33,22.9641,0.290096,0.445816,9754
707,2444.17,51.3261,0.582357,0.909175,9754
523,2334.2,15.6106,0.257317,0.310633,9754
706,2484.34,39.6165,0.786263,0.659632,9754
723,2681.72,24.4885,0.293017,0.38796,9754
652,2335.87,12.0382,0.213915,0.170702,9754
722,2341.87,5.24979,0.121939,0.107147,9754
653,2326.21,16.5291,0.27506,0.369265,9754
721,2261.59,4.51263,0.148737,0.0887948,9754
654,2238.17,21.8407,0.249991,0.352619,9754
720,2210.7,4.64633,0.0926788,0.109868,9754
655,2177.65,17.6464,0.271143,0.362294,9754
719,2291.2,5.35726,0.0872453,0.0939404,9754
512,2162.27,6.42022,0.10521,0.125065,9754
718,2314.89,4.8864,0.128765,0.0943422,9754
513,2263.1,6.69433,0.157485,0.0959397,9754
717,2303.74,9.61863,0.186767,0.175932,9754
514,2215.98,8.02646,0.125697,0.117331,9754
716,2345.63,12.4784,0.204574,0.189153,9754
715,2332.85,9.57689,0.175813,0.152514,9754
524,2610.41,18.4522,0.316275,0.416827,9754
884,516.54,2.93253,0.0893797,0.00556116,9754
885,487.552,6.31254,0.0956914,0.103875,9754
886,435.998,6.19485,0.118476,0.143642,9754
887,459.557,5.44673,0.0851096,0.0876783,9754
888,420.822,6.20379,0.110725,0.0907925,9754
889,399.947,5.87513,0.117979,0.0951643,9754
890,410.486,6.61032,0.110049,0.115283,9754
891,373.893,9.51898,0.433791,0.153403,9754
892,376.388,7.23306,0.119712,0.156617,9754
893,393.743,5.42413,0.114908,0.0907077,9754
894,432.731,5.48703,0.143643,0.142111,9754
895,470.71,6.15837,0.0999828,0.103998,9754
896,482.27,6.07054,0.0908678,0.121434,9754
897,534.445,7.67667,0.119908,0.155328,9754
516,2325.22,6.60189,0.202901,0.142365,9754
515,3301.58,2.66489,0.00,0.0495831,9754
898,575.767,6.96081,0.153371,0.131821,9754
899,450.352,9.63764,0.142337,0.203007,9754
900,418.446,6.53326,0.0925136,0.110399,9754
901,425.386,6.89613,0.14355,0.104592,9754
902,484.597,5.31887,0.0951013,0.0995783,9754
903,2477.92,1.17582,0.0547039,0.0112278,9754
904,440.614,6.18588,0.157011,0.179395,9754
905,400.506,6.75488,0.113789,0.119302,9754
906,415.879,6.03179,0.111774,0.148591,9754
907,456.386,7.8395,0.114635,0.21552,9754
908,456.01,6.21494,0.118066,0.167193,9754
909,534.373,9.15639,0.114429,0.202627,9754
910,552.069,10.4592,0.252484,0.221151,9754
911,530.11,8.35508,0.131241,0.169269,9754
651,2378.57,25.252,0.387977,0.751216,9754
