channel, mean, rms, meaner, rmserr, tv
1495,756.8,8.21,0,0,1
1497,745.92,7.84,0,0,1
1499,749.46,8.09,0,0,1
1501,739.65,7.77,0,0,1
1520,753.23,7.61,0,0,1
1519,761.15,7.04,0,0,1
1474,749.51,7.98,0,0,1
1476,762.07,7.57,0,0,1
1478,739.42,8.49,0,0,1
1480,743.49,7.97,0,0,1
1482,740.5,8.32,0,0,1
1484,759.53,6.98,0,0,1
1486,756.27,7.84,0,0,1
1504,766.25,8.41,0,0,1
1455,729.94,8.71,0,0,1
1409,739.28,9.12,0,0,1
1411,789.49,9.16,0,0,1
1413,798.38,8.54,0,0,1
1415,812.04,8.68,0,0,1
1417,815.83,8.11,0,0,1
1419,781.97,7.32,0,0,1
1421,803.4,8.11,0,0,1
1440,822.74,7.43,0,0,1
1471,816.53,8.14,0,0,1
1426,792.86,7.47,0,0,1
1428,778.95,7.24,0,0,1
1430,789.09,7.42,0,0,1
1432,777.52,7.26,0,0,1
1434,793.51,7.8,0,0,1
1436,775.76,4.01,0,0,1
1438,757.15,7.24,0,0,1
1456,781.37,7.84,0,0,1
1407,774.13,8.54,0,0,1
1361,762.26,5.51,0,0,1
1363,737.19,6.44,0,0,1
1365,742.32,6.73,0,0,1
1367,755.43,5.54,0,0,1
1369,739.29,6.37,0,0,1
1371,2535.08,2.41,0,0,1
1373,753.59,6.19,0,0,1
1392,750.92,6.39,0,0,1
1391,729.72,6.33,0,0,1
1346,721.66,5.57,0,0,1
1348,750.08,6.18,0,0,1
1350,746.58,6.51,0,0,1
1352,723.31,6.29,0,0,1
1354,758.07,5.48,0,0,1
1356,772.39,8.57,0,0,1
1358,754.75,8.43,0,0,1
1376,776.79,5.28,0,0,1
1327,760.98,6.16,0,0,1
1281,758.72,5.18,0,0,1
1283,773.54,4.75,0,0,1
1285,772.05,4.92,0,0,1
1287,770.42,4.8,0,0,1
1289,762.4,5.55,0,0,1
1291,774.28,5.05,0,0,1
1293,766.34,5.47,0,0,1
1312,779.81,5.38,0,0,1
1343,756.43,5.62,0,0,1
1298,760.19,5.16,0,0,1
1300,747.64,6.54,0,0,1
1302,762.73,5.5,0,0,1
1304,711.42,1.19,0,0,1
1306,768.84,7.55,0,0,1
1308,758.03,7.35,0,0,1
1310,759.3,6.92,0,0,1
1328,762.22,7.8,0,0,1
1279,764.64,7.07,0,0,1
1233,743.58,8.37,0,0,1
1235,755.43,6.86,0,0,1
1237,774.77,7.06,0,0,1
1239,754.19,6.79,0,0,1
1241,784.16,7.28,0,0,1
1243,758.08,7.19,0,0,1
1245,768.06,7.79,0,0,1
1264,785.19,7.64,0,0,1
1263,783.93,7.46,0,0,1
1218,747,1.18,0,0,1
1220,746.96,8.59,0,0,1
1222,762.53,9.87,0,0,1
1224,749.23,7.54,0,0,1
1226,754.54,7.92,0,0,1
1228,769.95,3.34,0,0,1
1230,733.39,8.08,0,0,1
1248,770.22,12.35,0,0,1
1199,728.51,7.64,0,0,1
1153,757.17,6.87,0,0,1
1155,749.65,8.07,0,0,1
1157,763.98,7.9,0,0,1
1159,741.82,8.13,0,0,1
1161,758.97,7.41,0,0,1
1163,769.74,8.19,0,0,1
1165,776.39,6.78,0,0,1
1184,758.46,7.76,0,0,1
1215,762.3,8.04,0,0,1
1170,762.76,9.04,0,0,1
1172,765.95,5.85,0,0,1
1174,763.46,5.63,0,0,1
1176,757.52,5.51,0,0,1
1178,790.35,6.1,0,0,1
1180,771.7,4.82,0,0,1
1182,756.88,5.31,0,0,1
1200,760.21,4.95,0,0,1
1151,767.47,6.37,0,0,1
1105,778.2,5.22,0,0,1
1107,773.93,4.68,0,0,1
1109,751.71,6.42,0,0,1
1111,754.28,5.85,0,0,1
1113,769.44,5.56,0,0,1
1115,763.12,5.56,0,0,1
1117,756.98,7.28,0,0,1
1136,798.15,8.67,0,0,1
1135,777.2,5.36,0,0,1
1090,759.45,5.42,0,0,1
1092,767.49,6.14,0,0,1
1094,749.68,5.74,0,0,1
1096,719.26,5.73,0,0,1
1098,733.06,6.54,0,0,1
1100,743.75,6.57,0,0,1
1102,769.43,5.52,0,0,1
1120,757.66,5.53,0,0,1
1071,739.27,6.33,0,0,1
1025,715.44,5.45,0,0,1
1027,753.62,5.91,0,0,1
1029,754.83,6.46,0,0,1
1031,760.93,5.16,0,0,1
1033,743.89,9.9,0,0,1
1035,775.54,7.68,0,0,1
1037,777.93,6.75,0,0,1
1056,767.23,7.97,0,0,1
1087,759.71,7.29,0,0,1
1042,770.03,7.94,0,0,1
1044,752.21,7.69,0,0,1
1046,758.02,7.57,0,0,1
1048,753.45,7.34,0,0,1
1050,742.24,8.21,0,0,1
1052,749.67,7.69,0,0,1
1054,748.59,7.54,0,0,1
1072,738.55,7.73,0,0,1
1535,767.12,7.93,0,0,1
1489,755.05,7.42,0,0,1
1491,751.61,7.62,0,0,1
1493,727.46,7.6,0,0,1
1305,733.28,8.02,0,0,1
1303,770.81,7.68,0,0,1
1301,771.2,7.52,0,0,1
1299,741.13,8.09,0,0,1
1297,766.27,7.31,0,0,1
1296,782.22,7.27,0,0,1
1295,774.65,6.75,0,0,1
1294,755.42,7.38,0,0,1
1292,775.14,6.96,0,0,1
1290,760.97,7.93,0,0,1
1288,783.2,7.17,0,0,1
1286,763.11,8.41,0,0,1
1284,742.25,8.15,0,0,1
1282,761.53,8.08,0,0,1
1280,739.81,7.72,0,0,1
1359,772.03,9.28,0,0,1
1357,791.82,7.74,0,0,1
1355,785.96,6.06,0,0,1
1353,774.4,5.29,0,0,1
1351,785.66,5.93,0,0,1
1349,811.97,6.59,0,0,1
1347,793.12,6.58,0,0,1
1345,790.43,6.28,0,0,1
1344,795.08,6.44,0,0,1
1375,818.36,5.96,0,0,1
1374,774.18,4.73,0,0,1
1372,791.3,6.26,0,0,1
1370,796.64,6.3,0,0,1
1368,801.62,6.39,0,0,1
1366,785.29,6.59,0,0,1
1364,795.92,6.84,0,0,1
1362,786.93,8.57,0,0,1
1360,773.31,9.13,0,0,1
1439,760.22,5.53,0,0,1
1437,784.65,6.81,0,0,1
1435,782.76,5.92,0,0,1
1433,766.11,5.76,0,0,1
1431,762.7,6.02,0,0,1
1429,781.24,5.92,0,0,1
1427,773.99,5.09,0,0,1
1425,797.95,6.58,0,0,1
1424,795.81,6.66,0,0,1
1423,785.41,6.2,0,0,1
1422,778.08,5.41,0,0,1
1420,777.44,5.11,0,0,1
1418,784.31,5.92,0,0,1
1416,762.89,7,0,0,1
1414,737.68,8.45,0,0,1
1412,780.48,6.86,0,0,1
1410,767.74,7.69,0,0,1
1408,773.03,6.49,0,0,1
1487,772.84,6.62,0,0,1
1485,776.21,6.47,0,0,1
1483,775.11,6.45,0,0,1
1481,787.23,7.17,0,0,1
1479,777.61,6.75,0,0,1
1477,781.99,6.61,0,0,1
1475,782.15,7.17,0,0,1
1473,772.05,6.31,0,0,1
1472,768.34,7.58,0,0,1
1503,772.03,6.76,0,0,1
1502,753.67,7.44,0,0,1
1500,754.44,6.63,0,0,1
1498,744.54,8.09,0,0,1
1496,744.98,8.15,0,0,1
1494,760.85,7.29,0,0,1
1492,751.85,7.26,0,0,1
1490,746.89,7.62,0,0,1
1488,748.92,7.59,0,0,1
1055,758.62,7.43,0,0,1
1053,733.31,7.79,0,0,1
1051,734.34,7.67,0,0,1
1049,738.8,7.75,0,0,1
1047,755.17,6.99,0,0,1
1045,715.15,6.71,0,0,1
1043,747.32,7.53,0,0,1
1041,723.77,7.5,0,0,1
1040,738.66,7.06,0,0,1
1039,723.39,7.33,0,0,1
1038,744.08,7.85,0,0,1
1036,806.07,8.89,0,0,1
1034,819.32,5.66,0,0,1
1032,820.85,6.34,0,0,1
1030,835.44,4.8,0,0,1
1028,796.39,6.13,0,0,1
1026,819.07,5.73,0,0,1
1024,798.83,6.59,0,0,1
1103,824.77,5.48,0,0,1
1101,777.29,5.37,0,0,1
1099,825.94,5.59,0,0,1
1097,815.94,5.79,0,0,1
1095,822.28,5.6,0,0,1
1093,832.56,6.3,0,0,1
1091,822.99,5.13,0,0,1
1089,826.64,5.6,0,0,1
1088,815.34,8,0,0,1
1119,816.55,7.42,0,0,1
1118,821.99,5.36,0,0,1
1116,826.69,5.17,0,0,1
1114,819.29,5.46,0,0,1
1112,798.53,6.33,0,0,1
1110,802.67,6.18,0,0,1
1108,832.53,5.75,0,0,1
1106,823.78,5.19,0,0,1
1104,801.19,6.76,0,0,1
1183,813.69,6.28,0,0,1
1181,792,6.47,0,0,1
1179,815.13,6.38,0,0,1
1177,801.9,6.77,0,0,1
1175,1551.96,1.69,0,0,1
1173,816.7,6,0,0,1
1171,787.98,8.72,0,0,1
1169,824.98,5.68,0,0,1
1168,825.46,5.2,0,0,1
1167,798.58,6.02,0,0,1
1166,802.86,5.96,0,0,1
1164,835.88,4.81,0,0,1
1162,819.89,5.7,0,0,1
1160,0,0,0,0,1
1158,819.97,5.72,0,0,1
1156,813.48,6.18,0,0,1
1154,822.81,5.29,0,0,1
1152,801.28,6.07,0,0,1
1231,824.67,5.14,0,0,1
1229,783.22,5.69,0,0,1
1227,815.69,5.95,0,0,1
1225,809.69,6.79,0,0,1
1223,802.44,7.01,0,0,1
1221,803.85,7.32,0,0,1
1219,789.21,6.43,0,0,1
1217,798.05,6.65,0,0,1
1216,791.34,6.34,0,0,1
1247,788.65,6.07,0,0,1
1246,779.99,5.57,0,0,1
1244,771.74,4.23,0,0,1
1242,786.12,5.99,0,0,1
1240,779.8,5.17,0,0,1
1238,778.63,5.5,0,0,1
1236,790.93,6.16,0,0,1
1234,809.41,7.13,0,0,1
1232,793.85,6.42,0,0,1
1311,799.99,6.4,0,0,1
1309,785.54,6.03,0,0,1
1307,774.66,4.9,0,0,1
1534,800.82,6.96,0,0,1
1533,788.17,4.45,0,0,1
1532,776.41,4.71,0,0,1
1531,771.02,3.44,0,0,1
1530,786.36,4.34,0,0,1
1529,769.16,3.9,0,0,1
1528,772.34,3.43,0,0,1
1527,778.62,4.27,0,0,1
1526,787.1,4.79,0,0,1
1525,758.83,4.26,0,0,1
1524,765.99,4.02,0,0,1
1523,771.97,3.4,0,0,1
1522,776.05,3.99,0,0,1
1521,795.54,4.98,0,0,1
1518,791.69,4.77,0,0,1
1517,786.72,6.41,0,0,1
1516,730.99,6.37,0,0,1
1515,729.37,5.35,0,0,1
1514,721.97,5.26,0,0,1
1513,711.33,4.18,0,0,1
1512,708.27,5.33,0,0,1
1511,729.59,5.04,0,0,1
1510,717.68,6.09,0,0,1
1509,722.09,4.82,0,0,1
1508,714.05,4.57,0,0,1
1507,725.46,4.66,0,0,1
1506,723.82,4.76,0,0,1
1505,712.33,4.46,0,0,1
1454,727.39,4.83,0,0,1
1453,744.48,5.12,0,0,1
1452,754.32,5.32,0,0,1
1451,728.35,6.71,0,0,1
1450,758.33,5.98,0,0,1
1449,751.56,6.93,0,0,1
1448,729.7,6.44,0,0,1
1447,747.43,7.13,0,0,1
1446,737.85,6.53,0,0,1
1445,719.67,6.44,0,0,1
1444,750.88,6.65,0,0,1
1443,730.01,6.94,0,0,1
1442,732.56,6.39,0,0,1
1441,713.78,5.43,0,0,1
1470,713.7,5.24,0,0,1
1469,711.95,5.48,0,0,1
1468,714.3,5.43,0,0,1
1467,707.57,7.7,0,0,1
1466,719.38,5.87,0,0,1
1465,687.63,7.28,0,0,1
1464,780.54,6.58,0,0,1
1463,770.71,5.51,0,0,1
1462,777.7,5.53,0,0,1
1461,779.35,4.02,0,0,1
1460,791.53,6.42,0,0,1
1459,778.99,7.9,0,0,1
1458,776.11,5.35,0,0,1
1457,788.53,6.46,0,0,1
1406,809.86,7.21,0,0,1
1405,815.9,5.52,0,0,1
1404,782.33,6.29,0,0,1
1403,783.63,6.22,0,0,1
1402,774.88,5.52,0,0,1
1401,779.26,5.44,0,0,1
1400,783.43,6.45,0,0,1
1399,782.61,6.17,0,0,1
1398,797.71,7.47,0,0,1
1397,791.43,5.42,0,0,1
1396,803.66,5.79,0,0,1
1395,803.21,5.25,0,0,1
1394,802.16,5.45,0,0,1
1393,788.9,4.89,0,0,1
1390,787.87,4.98,0,0,1
1389,789.75,5.04,0,0,1
1388,802.59,5.02,0,0,1
1387,789.85,4.93,0,0,1
1386,809.36,5.12,0,0,1
1385,794.05,5.44,0,0,1
1384,810.22,5.64,0,0,1
1383,789.44,5.07,0,0,1
1382,776.91,4.61,0,0,1
1381,775.27,4.95,0,0,1
1380,759.98,5.61,0,0,1
1379,759.85,4.54,0,0,1
1378,773.47,3.95,0,0,1
1377,770.7,3.96,0,0,1
1326,766.84,4.7,0,0,1
1325,791.51,5.06,0,0,1
1324,786.56,4.9,0,0,1
1323,798.1,4.93,0,0,1
1322,775.79,3.94,0,0,1
1321,807.48,5.71,0,0,1
1320,773.08,5.36,0,0,1
1319,777.31,3.99,0,0,1
1318,769.02,4.75,0,0,1
1317,774.55,4.49,0,0,1
1316,778.1,4.53,0,0,1
1315,785.76,6.78,0,0,1
1314,387.79,2.33,0,0,1
1313,1724.32,972.56,0,0,1
1342,1627.91,1001.29,0,0,1
1341,1522.66,1017.49,0,0,1
1340,1713.88,979.34,0,0,1
1339,1361.31,1023.26,0,0,1
1338,1471.14,1022.16,0,0,1
1337,1501.13,1019.66,0,0,1
1336,376.5,2.76,0,0,1
1335,1417.97,1024.13,0,0,1
1334,1797.43,946.12,0,0,1
1333,1739.92,970.21,0,0,1
1332,1700.26,978.67,0,0,1
1331,1405.61,1024.08,0,0,1
1330,1315.37,1019.39,0,0,1
1329,1585.48,1008.85,0,0,1
1073,763.13,4.93,0,0,1
1074,764.02,5.5,0,0,1
1075,775.46,4.65,0,0,1
1076,779.69,5.08,0,0,1
1077,771.79,4.47,0,0,1
1078,784.33,5.42,0,0,1
1079,2187.52,0.95,0,0,1
1080,786.64,5.32,0,0,1
1081,782.23,5.38,0,0,1
1082,779.17,5.08,0,0,1
1083,766.34,5.21,0,0,1
1084,786.19,5.24,0,0,1
1085,778.47,5,0,0,1
1086,773.37,4.67,0,0,1
1057,757.67,4.95,0,0,1
1058,762.2,4.81,0,0,1
1059,366.24,2.84,0,0,1
1060,1431.48,1023.49,0,0,1
1061,1419.54,1024.06,0,0,1
1062,1373.4,1023.49,0,0,1
1063,1808.04,941.81,0,0,1
1064,1954.26,870.39,0,0,1
1065,1463.05,1022.87,0,0,1
1066,1668.27,992.82,0,0,1
1067,390.59,2.21,0,0,1
1068,1454.74,1022.88,0,0,1
1069,1445.59,1023.6,0,0,1
1070,3116.24,954.61,0,0,1
1121,1718.73,976.88,0,0,1
1122,1533.26,1015.08,0,0,1
1123,1385.47,1023.97,0,0,1
1124,1515.81,1017.54,0,0,1
1125,782.64,5.92,0,0,1
1126,802.74,5.18,0,0,1
1127,797.33,5.14,0,0,1
1128,804.9,5.16,0,0,1
1129,828.16,4.29,0,0,1
1130,821.41,4.74,0,0,1
1131,800.17,5.13,0,0,1
1132,786.1,4.67,0,0,1
1133,810.1,5.07,0,0,1
1134,804.12,4.93,0,0,1
1137,809.37,5.45,0,0,1
1138,812.85,5.19,0,0,1
1139,800.24,5.12,0,0,1
1140,795.52,4.83,0,0,1
1141,776.64,4.17,0,0,1
1142,789.49,5.93,0,0,1
1143,746.42,1.36,0,0,1
1144,762.26,1.39,0,0,1
1145,759.74,1.18,0,0,1
1146,750.12,1.1,0,0,1
1147,744.76,1.94,0,0,1
1148,772.98,5.13,0,0,1
1149,758.86,5.58,0,0,1
1150,793.69,6.15,0,0,1
1201,759.99,4.48,0,0,1
1202,769.09,5.52,0,0,1
1203,766.66,5.6,0,0,1
1204,757.81,5.25,0,0,1
1205,762.97,4.73,0,0,1
1206,750.61,6.23,0,0,1
1207,749.23,5.86,0,0,1
1208,725.74,5.8,0,0,1
1209,751.38,6.09,0,0,1
1210,772.04,4.82,0,0,1
1211,755.7,5.58,0,0,1
1212,760.08,5.1,0,0,1
1213,772.55,4.75,0,0,1
1214,753.35,5.64,0,0,1
1185,761.23,4.92,0,0,1
1186,773.12,4.43,0,0,1
1187,771.84,4.56,0,0,1
1188,775.34,4.69,0,0,1
1189,758.79,5.41,0,0,1
1190,781.72,5.35,0,0,1
1191,774.18,4.65,0,0,1
1192,763.42,4.79,0,0,1
1193,769.9,5.85,0,0,1
1194,728.63,5.97,0,0,1
1195,762.85,5.11,0,0,1
1196,789.57,4.63,0,0,1
1197,769.6,4.11,0,0,1
1198,770.28,3.66,0,0,1
1249,775.72,4.25,0,0,1
1250,791.99,4.61,0,0,1
1251,779.38,4.16,0,0,1
1252,777.65,4.4,0,0,1
1253,779.04,4.51,0,0,1
1254,794.66,4.86,0,0,1
1255,808.72,5.09,0,0,1
1256,802.82,5.25,0,0,1
1257,779.34,4.12,0,0,1
1258,786.8,4.75,0,0,1
1259,781.93,4.77,0,0,1
1260,783.78,5.75,0,0,1
1261,780.04,5.38,0,0,1
1262,807.21,4.88,0,0,1
1265,778.38,4.5,0,0,1
1266,798.96,4.99,0,0,1
1267,784.76,4.49,0,0,1
1268,796.58,4.89,0,0,1
1269,784.1,4.47,0,0,1
1270,794.1,4.82,0,0,1
1271,798.99,4.75,0,0,1
1272,815.65,5.29,0,0,1
1273,793.5,5.04,0,0,1
1274,809.66,5.1,0,0,1
1275,775.96,3.82,0,0,1
1276,798.03,5.31,0,0,1
1277,794.08,4.57,0,0,1
1278,757.31,6.3,0,0,1
2009,807.32,5.56,0,0,1
2011,781.35,4.79,0,0,1
2013,780.42,4.9,0,0,1
2032,796.36,5.23,0,0,1
2031,784.38,4.78,0,0,1
1986,815.87,5.41,0,0,1
1988,778.51,4.75,0,0,1
1990,786.22,5.09,0,0,1
1992,784.33,4.97,0,0,1
1994,798.8,5.08,0,0,1
1996,799.81,5.27,0,0,1
1998,776.32,4.62,0,0,1
2016,782.94,5.05,0,0,1
1967,766.69,4.2,0,0,1
1921,762.29,4.18,0,0,1
1923,759.18,4.46,0,0,1
1925,756.07,5.2,0,0,1
1927,758.01,4.68,0,0,1
1929,762.88,4.36,0,0,1
1931,748.17,5.34,0,0,1
1933,734.92,5.07,0,0,1
1952,735.33,5.33,0,0,1
1983,749.93,5.2,0,0,1
1938,741.13,5.66,0,0,1
1940,748.44,5.38,0,0,1
1942,750.26,5.61,0,0,1
1944,743.59,5.35,0,0,1
1946,740.89,5.17,0,0,1
1948,738.8,5.05,0,0,1
1950,745.47,5.28,0,0,1
1968,732.37,4.62,0,0,1
1919,0,0,0,0,1
1873,822.04,4.81,0,0,1
1875,824.71,3.72,0,0,1
1877,799.41,4.85,0,0,1
1879,825.82,4.41,0,0,1
1881,801.28,4.61,0,0,1
1883,789.52,4.67,0,0,1
1885,806.52,4.62,0,0,1
1904,789.37,4.94,0,0,1
1903,777.81,4.32,0,0,1
1858,783.4,4.68,0,0,1
1860,808.52,5.11,0,0,1
1862,2334.91,1.44,0,0,1
1864,813.87,4.82,0,0,1
1866,787.85,4.94,0,0,1
1868,818.19,5.12,0,0,1
1870,793.01,5.84,0,0,1
1888,803.37,5.98,0,0,1
1839,798.11,4.81,0,0,1
1793,783.68,4.36,0,0,1
1795,821.04,4.67,0,0,1
1797,794.72,4.78,0,0,1
1799,783.24,4.61,0,0,1
1801,776.5,4.22,0,0,1
1803,758.7,4.24,0,0,1
1805,779.23,4.37,0,0,1
1824,802.2,4.72,0,0,1
1855,809.81,4.72,0,0,1
1810,785.96,4.23,0,0,1
1812,824.46,4.12,0,0,1
1814,793.72,4.48,0,0,1
1816,811.11,4.84,0,0,1
1818,793.37,5.3,0,0,1
1820,780.3,4.98,0,0,1
1822,783.78,5.04,0,0,1
1840,814.1,5.83,0,0,1
1791,792.32,5.27,0,0,1
1745,798.73,5.37,0,0,1
1747,800.95,5.74,0,0,1
1749,822.2,4.96,0,0,1
1751,815.9,5.65,0,0,1
1753,817.07,5.27,0,0,1
1755,796.2,5.19,0,0,1
1757,811.03,5.69,0,0,1
1776,806.9,5.68,0,0,1
1775,829.77,4.94,0,0,1
1730,3533.47,3.02,0,0,1
1732,826.09,4.44,0,0,1
1734,814.45,5.97,0,0,1
1736,778.08,5.16,0,0,1
1738,784.27,5.14,0,0,1
1740,773.04,3.96,0,0,1
1742,790.57,4.44,0,0,1
1760,782.22,5.08,0,0,1
1711,780.85,5.77,0,0,1
1665,1802.14,28.69,0,0,1
1667,774.12,4.23,0,0,1
1669,793.84,5.42,0,0,1
1671,803,5.98,0,0,1
1673,813.27,5.67,0,0,1
1675,797.39,5.43,0,0,1
1677,794.17,5.58,0,0,1
1696,768.94,4.72,0,0,1
1727,806.55,5.64,0,0,1
1682,747.05,5.36,0,0,1
1684,777.91,5.03,0,0,1
1686,761.38,4.19,0,0,1
1688,778.94,4.78,0,0,1
1690,782.91,4.52,0,0,1
1692,799.37,4.94,0,0,1
1694,781.63,4.54,0,0,1
1712,788.65,4.59,0,0,1
1663,783.66,4.82,0,0,1
1617,784.62,4.58,0,0,1
1619,785.36,4.89,0,0,1
1621,781.45,4.54,0,0,1
1623,790.77,4.8,0,0,1
1625,791.11,5.03,0,0,1
1627,771.37,3.47,0,0,1
1629,771.85,3.89,0,0,1
1648,763.57,4.58,0,0,1
1647,815.25,5.9,0,0,1
1602,797.75,4.75,0,0,1
1604,801.29,4.99,0,0,1
1606,800.19,4.99,0,0,1
1608,800.59,4.74,0,0,1
1610,809.87,5.37,0,0,1
1612,808.7,4.87,0,0,1
1614,0,0,0,0,1
1632,790.48,4.74,0,0,1
1583,820.81,4.73,0,0,1
1537,804.97,4.87,0,0,1
1539,822.21,4.37,0,0,1
1541,802.77,5.03,0,0,1
1543,802.89,4.82,0,0,1
1545,816.17,5.09,0,0,1
1547,778.49,4.93,0,0,1
1549,800.94,5.64,0,0,1
1568,792.18,5.64,0,0,1
1599,780.88,4.73,0,0,1
1554,807.11,5.64,0,0,1
1556,791.8,4.99,0,0,1
1558,804.34,5.88,0,0,1
1560,785.82,4.84,0,0,1
1562,782.51,5.1,0,0,1
1564,772.61,3.87,0,0,1
1566,788.13,5.16,0,0,1
1584,761.35,4.25,0,0,1
2047,790.03,5.27,0,0,1
2001,782.32,5.13,0,0,1
2003,781.51,4.76,0,0,1
2005,787.39,4.81,0,0,1
2007,806.93,5.4,0,0,1
1815,806.66,5.91,0,0,1
1813,793.38,5.78,0,0,1
1811,812.34,5.66,0,0,1
1809,778.27,4.85,0,0,1
1808,798.25,5.18,0,0,1
1807,798.79,5.29,0,0,1
1806,796.21,5.57,0,0,1
1804,775.98,4.42,0,0,1
1802,785.07,5.28,0,0,1
1800,789.9,5.2,0,0,1
1798,786.45,5.42,0,0,1
1796,806.21,5.54,0,0,1
1794,820.33,4.96,0,0,1
1792,808.72,5.84,0,0,1
1871,807.44,5.54,0,0,1
1869,806.47,6.01,0,0,1
1867,774.86,4.38,0,0,1
1865,758.61,4.34,0,0,1
1863,767.05,4.28,0,0,1
1861,731.26,4.59,0,0,1
1859,767.81,4.38,0,0,1
1857,762.21,4.05,0,0,1
1856,3920.37,1.6,0,0,1
1887,766.47,4.36,0,0,1
1886,755.04,4.77,0,0,1
1884,753.29,5.32,0,0,1
1882,743.41,5.12,0,0,1
1880,747.49,5.44,0,0,1
1878,759.78,3.7,0,0,1
1876,766.36,5.07,0,0,1
1874,760.65,3.78,0,0,1
1872,743.71,6.46,0,0,1
1951,797.41,5.53,0,0,1
1949,774.38,3.89,0,0,1
1947,779.11,4.63,0,0,1
1945,788.63,4.6,0,0,1
1943,823.75,4.12,0,0,1
1941,816.06,5.17,0,0,1
1939,791.17,4.57,0,0,1
1937,833.13,4.18,0,0,1
1936,820.72,4.62,0,0,1
1935,836.59,3.49,0,0,1
1934,824.99,4.08,0,0,1
1932,805.71,4.9,0,0,1
1930,809.79,5.12,0,0,1
1928,791.54,4.67,0,0,1
1926,779.31,4.32,0,0,1
1924,775.16,4.32,0,0,1
1922,805.16,5.54,0,0,1
1920,809,5.61,0,0,1
1999,795.99,5.39,0,0,1
1997,786.83,4.92,0,0,1
1995,774.51,4.83,0,0,1
1993,802.7,5.59,0,0,1
1991,817.29,5.71,0,0,1
1989,788.01,5.12,0,0,1
1987,806.15,5.75,0,0,1
1985,773.96,4.38,0,0,1
1984,765.13,5.35,0,0,1
2015,789.71,5.22,0,0,1
2014,785.09,5.09,0,0,1
2012,764.51,5.25,0,0,1
2010,764.94,5.18,0,0,1
2008,742.1,5.68,0,0,1
2006,753.84,5.01,0,0,1
2004,758.8,3.89,0,0,1
2002,745.48,5.23,0,0,1
2000,747.01,7.19,0,0,1
1567,764.37,4.6,0,0,1
1565,756.35,4.98,0,0,1
1563,766.9,4.6,0,0,1
1561,751.27,5.57,0,0,1
1559,756.66,4.91,0,0,1
1557,760.37,4.71,0,0,1
1555,774.01,4.09,0,0,1
1553,751.68,5.68,0,0,1
1552,757.29,4.61,0,0,1
1551,760.81,4.48,0,0,1
1550,752.57,5.46,0,0,1
1548,724.84,5.14,0,0,1
1546,742.47,6.41,0,0,1
1544,745.77,5.35,0,0,1
1542,744.43,5.61,0,0,1
1540,724.66,4.85,0,0,1
1538,753.35,4.42,0,0,1
1536,735.38,4.89,0,0,1
1615,741.98,4.96,0,0,1
1613,753.08,4.13,0,0,1
1611,740.86,4.98,0,0,1
1609,724.63,4.72,0,0,1
1607,735.34,5.22,0,0,1
1605,711.64,3.51,0,0,1
1603,709.49,4.22,0,0,1
1601,736.22,4.82,0,0,1
1600,739.97,4.78,0,0,1
1631,3203.17,0.87,0,0,1
1630,791.6,5.63,0,0,1
1628,777.99,4.54,0,0,1
1626,780.14,4.39,0,0,1
1624,791.96,4.75,0,0,1
1622,776.56,4.1,0,0,1
1620,774.21,3.9,0,0,1
1618,796.78,4.58,0,0,1
1616,774.67,3.9,0,0,1
1695,799.26,4.69,0,0,1
1693,820.25,4.55,0,0,1
1691,787.08,4.51,0,0,1
1689,804.25,4.79,0,0,1
1687,788.3,4.35,0,0,1
1685,786.46,4.7,0,0,1
1683,777.23,3.38,0,0,1
1681,750.67,5.88,0,0,1
1680,812.78,6.5,0,0,1
1679,798.03,5.39,0,0,1
1678,790.64,5.05,0,0,1
1676,807.56,5.91,0,0,1
1674,791.52,5.11,0,0,1
1672,807.21,5.41,0,0,1
1670,798.75,5.52,0,0,1
1668,791.88,5.14,0,0,1
1666,812.97,5.63,0,0,1
1664,815.47,5.72,0,0,1
1743,824.33,4.47,0,0,1
1741,820.34,5.69,0,0,1
1739,810.62,5.9,0,0,1
1737,845.78,5.12,0,0,1
1735,814.45,5.96,0,0,1
1733,815.47,5.73,0,0,1
1731,781.78,5.41,0,0,1
1729,791.59,5.87,0,0,1
1728,789.58,5.92,0,0,1
1759,753.01,5.85,0,0,1
1758,776.26,4.7,0,0,1
1756,792.11,5.43,0,0,1
1754,768.08,5.3,0,0,1
1752,768.19,5.03,0,0,1
1750,771.89,5.12,0,0,1
1748,764.65,4.88,0,0,1
1746,796.37,5.35,0,0,1
1744,795.82,5.61,0,0,1
1823,791.12,4.87,0,0,1
1821,805.48,5.72,0,0,1
1819,793.72,5.17,0,0,1
1817,776.07,4.52,0,0,1
1841,760.35,5.2,0,0,1
1842,750.33,5.01,0,0,1
1843,764.64,6.11,0,0,1
1844,771.53,3.7,0,0,1
1845,778.24,4.6,0,0,1
1846,756.58,4.79,0,0,1
1847,783.6,5.06,0,0,1
1848,764.93,4.47,0,0,1
1849,759.28,4.19,0,0,1
1850,759.34,4.46,0,0,1
1851,772.4,3.63,0,0,1
1852,763.07,4.22,0,0,1
1853,785.77,4.79,0,0,1
1854,753.6,5.45,0,0,1
1825,762.18,4.96,0,0,1
1826,757.54,5.38,0,0,1
1827,749.79,5.84,0,0,1
1828,1998.08,2.42,0,0,1
1829,766.98,4.71,0,0,1
1830,733.31,4.61,0,0,1
1831,738.87,5.02,0,0,1
1832,719.52,4.74,0,0,1
1833,760.24,4.05,0,0,1
1834,743.8,5.26,0,0,1
1835,713.26,4.26,0,0,1
1836,748.86,5.36,0,0,1
1837,736.57,4.81,0,0,1
1838,712.6,7.8,0,0,1
1889,723.33,4.81,0,0,1
1890,684.09,1.31,0,0,1
1891,750.61,7.1,0,0,1
1892,707.02,5.39,0,0,1
1893,797.68,5.69,0,0,1
1894,801.8,6.14,0,0,1
1895,816.37,5.89,0,0,1
1896,783.02,5.1,0,0,1
1897,794.67,5.39,0,0,1
1898,795.46,5.87,0,0,1
1899,793.36,5.3,0,0,1
1900,803.18,5.78,0,0,1
1901,808.93,6,0,0,1
1902,811,5.89,0,0,1
1905,796.15,5.73,0,0,1
1906,783.67,5.53,0,0,1
1907,814.09,5.97,0,0,1
1908,814.42,5.95,0,0,1
1909,805.26,6.08,0,0,1
1910,811.75,6.52,0,0,1
1911,784.82,5.71,0,0,1
1912,774.2,4.33,0,0,1
1913,800.66,5.89,0,0,1
1914,782.51,4.35,0,0,1
1915,777.27,4.86,0,0,1
1916,785.84,6.79,0,0,1
1917,774.88,4.57,0,0,1
1918,783.5,5.43,0,0,1
1969,771.74,4.66,0,0,1
1970,778.3,5.23,0,0,1
1971,790.18,5.66,0,0,1
1972,794.31,6.02,0,0,1
1973,778.86,4.74,0,0,1
1974,775.56,4.59,0,0,1
1975,776.69,4.8,0,0,1
1976,760.19,4.8,0,0,1
1977,775.68,5.08,0,0,1
1978,769.85,4.26,0,0,1
1979,790.66,5.12,0,0,1
1980,778.08,4.47,0,0,1
1981,775.53,4.36,0,0,1
1982,770.63,4.09,0,0,1
1953,775.82,4.37,0,0,1
1954,763.46,4.04,0,0,1
1955,759.48,4.14,0,0,1
1956,757.58,4.49,0,0,1
1957,772.51,3.83,0,0,1
1958,767.74,4.72,0,0,1
1959,778.37,4.29,0,0,1
1960,758.7,4.68,0,0,1
1961,770.95,4.21,0,0,1
1962,760.29,4.74,0,0,1
1963,837.07,4.29,0,0,1
1964,779.99,4.6,0,0,1
1965,790.02,4.64,0,0,1
1966,796.58,5.13,0,0,1
2017,758.29,4.47,0,0,1
2018,760.54,4.03,0,0,1
2019,778.31,4.37,0,0,1
2020,776.56,4.28,0,0,1
2021,774.71,3.75,0,0,1
2022,766.32,4.74,0,0,1
2023,769.37,4.73,0,0,1
2024,790.05,4.84,0,0,1
2025,761.61,4.08,0,0,1
2026,762.22,4.67,0,0,1
2027,760.31,4.14,0,0,1
2028,762.77,5.1,0,0,1
2029,762.03,4.78,0,0,1
2030,761.21,4.83,0,0,1
2033,762.74,4.28,0,0,1
2034,776.75,4.76,0,0,1
2035,775.05,4.24,0,0,1
2036,771.96,4.26,0,0,1
2037,779.08,5,0,0,1
2038,764.22,5.21,0,0,1
2039,779.75,5.09,0,0,1
2040,767.41,5.1,0,0,1
2041,774.01,3.78,0,0,1
2042,790.84,5.13,0,0,1
2043,778.11,4.39,0,0,1
2044,748.78,5.2,0,0,1
2045,774.34,3.84,0,0,1
2046,738.01,5,0,0,1
1790,777.77,4.78,0,0,1
1789,795.56,5.35,0,0,1
1788,787.82,5.14,0,0,1
1787,776.48,4.58,0,0,1
1786,807.57,5.62,0,0,1
1785,787.29,5.21,0,0,1
1784,784.87,5.01,0,0,1
1783,762.41,4.64,0,0,1
1782,772.64,4.27,0,0,1
1781,770.38,3.92,0,0,1
1780,785.88,5.14,0,0,1
1779,2601.48,1.07,0,0,1
1778,770.43,4.91,0,0,1
1777,789.14,4.14,0,0,1
1774,759.29,4.68,0,0,1
1773,726.33,6.52,0,0,1
1772,781.82,5.03,0,0,1
1771,768.85,4.03,0,0,1
1770,783.82,4.5,0,0,1
1769,778.72,4.47,0,0,1
1768,783.72,4.52,0,0,1
1767,733.54,4.59,0,0,1
1766,763.43,3.96,0,0,1
1765,786.07,4.5,0,0,1
1764,772.31,3.73,0,0,1
1763,755.8,4.81,0,0,1
1762,783.35,4.52,0,0,1
1761,783.05,4.61,0,0,1
1710,778.73,3.23,0,0,1
1709,755.49,4.77,0,0,1
1708,751.07,5.26,0,0,1
1707,757.08,5.22,0,0,1
1706,780.1,5.14,0,0,1
1705,754.92,4.44,0,0,1
1704,761.36,4.52,0,0,1
1703,769.74,3.61,0,0,1
1702,785.73,4.46,0,0,1
1701,763.16,4.44,0,0,1
1700,786.08,4.84,0,0,1
1699,764.58,4.49,0,0,1
1698,770.36,3.62,0,0,1
1697,761.61,4.2,0,0,1
1726,749.66,4.97,0,0,1
1725,764.25,4.17,0,0,1
1724,748.03,4.91,0,0,1
1723,747.88,4.76,0,0,1
1722,762.78,4.36,0,0,1
1721,759.08,4.94,0,0,1
1720,766.11,4.74,0,0,1
1719,748.43,5.6,0,0,1
1718,767.41,4.98,0,0,1
1717,739.29,5.32,0,0,1
1716,739.17,5.53,0,0,1
1715,754.51,5.13,0,0,1
1714,761.66,4.69,0,0,1
1713,777.27,4.68,0,0,1
1662,758.48,4.78,0,0,1
1661,759.43,4.27,0,0,1
1660,749.65,5.47,0,0,1
1659,738.52,5,0,0,1
1658,751.37,5.92,0,0,1
1657,757.09,4.72,0,0,1
1656,735.46,5.59,0,0,1
1655,722.36,5.26,0,0,1
1654,784.73,5.27,0,0,1
1653,783.99,5.12,0,0,1
1652,785.66,4.94,0,0,1
1651,780.26,4.87,0,0,1
1650,776.24,4.33,0,0,1
1649,787.2,5.34,0,0,1
1646,775.53,4.4,0,0,1
1645,792.86,5.15,0,0,1
1644,800.71,5.26,0,0,1
1643,770.87,3.68,0,0,1
1642,773.96,4.08,0,0,1
1641,779.53,4.75,0,0,1
1640,763.5,4.43,0,0,1
1639,780.62,4.78,0,0,1
1638,772.23,4.06,0,0,1
1637,755.29,4.99,0,0,1
1636,793.62,5.92,0,0,1
1635,778.91,4.34,0,0,1
1634,787.61,4.87,0,0,1
1633,817.07,4.7,0,0,1
1582,789.48,4.38,0,0,1
1581,782.55,4.51,0,0,1
1580,794.75,4.35,0,0,1
1579,806.76,4.51,0,0,1
1578,784.08,4.15,0,0,1
1577,821.46,4.41,0,0,1
1576,830.06,4.06,0,0,1
1575,790.41,4.33,0,0,1
1574,800.42,4.53,0,0,1
1573,791.61,4.36,0,0,1
1572,792.51,4.57,0,0,1
1571,798.93,5.19,0,0,1
1570,700.76,4.84,0,0,1
1569,739.13,4.75,0,0,1
1598,736.97,4.53,0,0,1
1597,750.02,4.79,0,0,1
1596,742.24,4.69,0,0,1
1595,738.7,4.84,0,0,1
1594,731.21,4.49,0,0,1
1593,743.65,5.02,0,0,1
1592,743.15,5.02,0,0,1
1591,719.76,4.57,0,0,1
1590,724.11,4.55,0,0,1
1589,729.95,4.59,0,0,1
1588,717.59,4.34,0,0,1
1587,748.81,5.07,0,0,1
1586,716.97,4.28,0,0,1
1585,728.62,5.64,0,0,1
983,784.34,6.87,0,0,1
985,794.31,6.16,0,0,1
987,786.7,6.14,0,0,1
989,796.78,6.1,0,0,1
1008,804.11,6.56,0,0,1
1007,798.99,6.05,0,0,1
962,795.27,6.32,0,0,1
964,785.04,5.97,0,0,1
966,818.46,6.27,0,0,1
968,825.75,5.69,0,0,1
970,786.99,6.44,0,0,1
972,825.72,5.85,0,0,1
974,814.44,6.62,0,0,1
992,808.23,7.15,0,0,1
943,803.79,7.16,0,0,1
897,810.95,7.54,0,0,1
899,786.59,6.63,0,0,1
901,785.89,6.35,0,0,1
903,775.74,5.78,0,0,1
905,784.32,6.63,0,0,1
907,766.55,6.46,0,0,1
909,760.17,5.8,0,0,1
928,766.42,5.94,0,0,1
959,759.88,5.72,0,0,1
914,752.6,6.28,0,0,1
916,771.14,11.78,0,0,1
918,790.33,5.85,0,0,1
920,768.59,3.76,0,0,1
922,726.47,5.82,0,0,1
924,771.95,3.17,0,0,1
926,760.14,5.3,0,0,1
944,730.84,4.18,0,0,1
895,808.78,7.93,0,0,1
849,776.14,4.62,0,0,1
851,788.15,4.73,0,0,1
853,775.66,4.32,0,0,1
855,772.91,3.89,0,0,1
857,785.19,4.86,0,0,1
859,785.68,4.95,0,0,1
861,768.03,4.33,0,0,1
880,778.83,4.61,0,0,1
879,749.91,5.16,0,0,1
834,784.19,4.77,0,0,1
836,784.79,4.89,0,0,1
838,761.82,3.8,0,0,1
840,761.91,4.36,0,0,1
842,756.09,5.12,0,0,1
844,743.95,7.3,0,0,1
846,792.5,6.88,0,0,1
864,782.08,5.03,0,0,1
815,813.79,5.77,0,0,1
769,784.74,4.87,0,0,1
771,818.18,5.13,0,0,1
773,818.99,5.38,0,0,1
775,808.41,5.34,0,0,1
777,801.32,5.25,0,0,1
779,813.17,5.39,0,0,1
781,794.99,5.15,0,0,1
800,778.16,4.67,0,0,1
831,2428.81,1.03,0,0,1
786,789.44,4.96,0,0,1
788,784.83,4.65,0,0,1
790,757.46,4.77,0,0,1
792,773.71,6.88,0,0,1
794,756.53,6.67,0,0,1
796,748.09,7.18,0,0,1
798,710.38,5.34,0,0,1
816,2955.23,1.85,0,0,1
767,713.58,5.37,0,0,1
721,788.11,6.42,0,0,1
723,1899.24,1.12,0,0,1
725,750.67,6.7,0,0,1
727,713.72,5.43,0,0,1
729,708.17,6.43,0,0,1
731,733.59,6.7,0,0,1
733,727.02,7.04,0,0,1
752,715.71,5.52,0,0,1
751,720.41,6.02,0,0,1
706,693.71,6.22,0,0,1
708,747.77,7.79,0,0,1
710,754.1,6.88,0,0,1
712,765.54,5.73,0,0,1
714,744.74,7.07,0,0,1
716,730.07,4.11,0,0,1
718,748.92,6.54,0,0,1
736,742.96,9.25,0,0,1
687,748.95,6.9,0,0,1
641,773.01,4.92,0,0,1
643,773.37,5.76,0,0,1
645,744,6.92,0,0,1
647,756.93,6.43,0,0,1
649,750.67,6.61,0,0,1
651,747.86,7.25,0,0,1
653,758.33,6.07,0,0,1
672,754.62,7.06,0,0,1
703,776.91,6,0,0,1
658,759.49,7.38,0,0,1
660,744.59,5.85,0,0,1
662,769.92,5.07,0,0,1
664,738.96,5.44,0,0,1
666,789.76,5.33,0,0,1
668,779.34,5,0,0,1
670,762.11,5.07,0,0,1
688,766.25,4.79,0,0,1
639,736.69,5.5,0,0,1
593,755.87,5.04,0,0,1
595,750.64,5.41,0,0,1
597,756.44,4.33,0,0,1
599,754.62,5.19,0,0,1
601,738.57,5.36,0,0,1
603,738.3,5.03,0,0,1
605,733.82,6.5,0,0,1
624,747.92,7.39,0,0,1
623,761.54,4.47,0,0,1
578,750.65,5.48,0,0,1
580,741.71,5.32,0,0,1
582,735,5.55,0,0,1
584,751.11,5.55,0,0,1
586,735.86,5.66,0,0,1
588,758.49,4.47,0,0,1
590,737.81,5.53,0,0,1
608,726.91,5.19,0,0,1
559,726.9,5.12,0,0,1
513,715.3,4.68,0,0,1
515,733.44,5.2,0,0,1
517,738.42,6.13,0,0,1
519,771.2,4.56,0,0,1
521,737.08,7.25,0,0,1
523,762.04,6.29,0,0,1
525,765.66,5.99,0,0,1
544,755.37,6.04,0,0,1
575,0,0,0,0,1
530,756.26,6.19,0,0,1
532,756.61,6.37,0,0,1
534,754.86,6.3,0,0,1
536,768.91,6.16,0,0,1
538,780.66,5.96,0,0,1
540,779.33,5.6,0,0,1
542,764.31,6.2,0,0,1
560,777.68,5.41,0,0,1
1023,769.32,5.5,0,0,1
977,764.88,5.82,0,0,1
979,775.43,4.65,0,0,1
981,748.98,6.63,0,0,1
793,739.67,6.36,0,0,1
791,789.34,6.3,0,0,1
789,768.66,5.88,0,0,1
787,762.08,6.05,0,0,1
785,763.65,5.34,0,0,1
784,744.54,7.04,0,0,1
783,770.68,5.04,0,0,1
782,747.16,6.5,0,0,1
780,766.62,5.9,0,0,1
778,764.61,5.49,0,0,1
776,752.13,6.6,0,0,1
774,755.91,5.95,0,0,1
772,746.48,6.64,0,0,1
770,746.26,6.83,0,0,1
768,751.17,6.32,0,0,1
847,729.74,6.88,0,0,1
845,759.9,5.88,0,0,1
843,752.66,5.65,0,0,1
841,746.73,5.56,0,0,1
839,765.8,4.79,0,0,1
837,754.93,5,0,0,1
835,744.77,5.6,0,0,1
833,761.69,4.82,0,0,1
832,748.28,5.68,0,0,1
863,752.12,5.47,0,0,1
862,2599.25,3.08,0,0,1
860,2527.86,1.35,0,0,1
858,732.12,5.53,0,0,1
856,735.04,5.47,0,0,1
854,748.93,5.8,0,0,1
852,747.23,5.84,0,0,1
850,715.51,6.13,0,0,1
848,785.31,6.12,0,0,1
927,777.61,4.49,0,0,1
925,784.09,4.98,0,0,1
923,778.38,4.4,0,0,1
921,780.83,4.73,0,0,1
919,773.44,3.88,0,0,1
917,2344.05,1.62,0,0,1
915,781.9,4.85,0,0,1
913,772.89,3.59,0,0,1
912,0,0,0,0,1
911,789.78,4.65,0,0,1
910,764.37,4.33,0,0,1
908,782.82,4.52,0,0,1
906,769.15,4.75,0,0,1
904,752.19,5.06,0,0,1
902,756.63,5.95,0,0,1
900,793.81,6.84,0,0,1
898,770.85,5.72,0,0,1
896,795.55,6.5,0,0,1
975,799.34,6.52,0,0,1
973,758.9,5.62,0,0,1
971,778.87,5.75,0,0,1
969,1132.41,1.35,0,0,1
967,766.09,5.96,0,0,1
965,778.01,5.45,0,0,1
963,786.45,6.33,0,0,1
961,791.1,6.31,0,0,1
960,781.53,6.19,0,0,1
991,784.89,6.25,0,0,1
990,772.32,5.52,0,0,1
988,762.79,5.75,0,0,1
986,781.25,6.01,0,0,1
984,728.6,6.88,0,0,1
982,742.59,6.95,0,0,1
980,746.53,7.4,0,0,1
978,756.26,6.26,0,0,1
976,761.1,6.16,0,0,1
543,757.44,5.7,0,0,1
541,747.11,7.24,0,0,1
539,768.31,5.82,0,0,1
537,748.93,7.01,0,0,1
535,784.5,6,0,0,1
533,752.02,6.56,0,0,1
531,748.49,6.85,0,0,1
529,756.68,6.38,0,0,1
528,780.03,6.06,0,0,1
527,748.78,6.89,0,0,1
526,745.43,6.83,0,0,1
524,791.96,7.33,0,0,1
522,787.41,5.18,0,0,1
520,773.92,4.71,0,0,1
518,782.15,5.05,0,0,1
516,763.72,4.33,0,0,1
514,777.62,4.7,0,0,1
512,773.67,4.02,0,0,1
591,774.49,4.1,0,0,1
589,774,4.01,0,0,1
587,798.16,5.24,0,0,1
585,789.68,4.97,0,0,1
583,794.78,5.33,0,0,1
581,764.14,4.67,0,0,1
579,788.3,4.77,0,0,1
577,788.28,5.13,0,0,1
576,751.56,6.75,0,0,1
607,842.2,6.11,0,0,1
606,815.08,5.74,0,0,1
604,802.61,5.71,0,0,1
602,783.85,4.98,0,0,1
600,817.27,5.54,0,0,1
598,823.37,4.74,0,0,1
596,804.41,5.8,0,0,1
594,793.06,5.33,0,0,1
592,794.08,5.64,0,0,1
671,826.43,4.74,0,0,1
669,816.16,5.48,0,0,1
667,800.56,5.68,0,0,1
665,775.82,4.37,0,0,1
663,783.46,5.34,0,0,1
661,784.74,5.17,0,0,1
659,755.17,6.99,0,0,1
657,811.02,7.73,0,0,1
656,793.33,6.49,0,0,1
655,759.88,5.65,0,0,1
654,776.91,5.43,0,0,1
652,756.74,6.16,0,0,1
650,768.05,5.8,0,0,1
648,776.49,5.74,0,0,1
646,758.35,5.74,0,0,1
644,774.13,5.27,0,0,1
642,773.85,5.32,0,0,1
640,757.75,6.1,0,0,1
719,772.45,5.25,0,0,1
717,760.67,5.84,0,0,1
715,775.2,5.66,0,0,1
713,773.11,6.38,0,0,1
711,741.26,7.7,0,0,1
709,820.17,6.14,0,0,1
707,838.06,4.79,0,0,1
705,820.29,6.35,0,0,1
704,817.03,6.31,0,0,1
735,812.88,6.97,0,0,1
734,824.89,5.99,0,0,1
732,805.37,6.92,0,0,1
730,824.85,6.99,0,0,1
728,824.3,5.65,0,0,1
726,800.2,12.98,0,0,1
724,847.94,6.33,0,0,1
722,2457.47,1.29,0,0,1
720,834.35,6.18,0,0,1
799,806.49,4.31,0,0,1
797,825.3,5.71,0,0,1
795,795.35,7.29,0,0,1
1022,819.8,6.59,0,0,1
1021,828.21,4.81,0,0,1
1020,832.85,4.97,0,0,1
1019,848.76,5.2,0,0,1
1018,814.19,5.49,0,0,1
1017,816.49,5.57,0,0,1
1016,823.29,4.42,0,0,1
1015,807.71,5.62,0,0,1
1014,826.09,4.31,0,0,1
1013,845.18,5.19,0,0,1
1012,846.72,5.17,0,0,1
1011,818.38,5.57,0,0,1
1010,825.01,4.48,0,0,1
1009,816.94,3.97,0,0,1
1006,821.71,5.14,0,0,1
1005,821.32,6.81,0,0,1
1004,794.77,7.48,0,0,1
1003,775.18,4.43,0,0,1
1002,772.66,4.5,0,0,1
1001,786.78,4.91,0,0,1
1000,757.69,4.8,0,0,1
999,789.89,5.27,0,0,1
998,777.39,4.94,0,0,1
997,755.98,5.04,0,0,1
996,759.9,5.51,0,0,1
995,763.07,4.69,0,0,1
994,770.49,5.36,0,0,1
993,767.56,5.76,0,0,1
942,771.74,4.27,0,0,1
941,787.39,5.03,0,0,1
940,751.5,5.64,0,0,1
939,774.71,6.29,0,0,1
938,775.91,5.55,0,0,1
937,772.31,5.49,0,0,1
936,781.99,6.05,0,0,1
935,772.85,5.16,0,0,1
934,763.2,6.04,0,0,1
933,772.28,5.61,0,0,1
932,775.49,5.27,0,0,1
931,758.17,6.35,0,0,1
930,779.42,5.53,0,0,1
929,761.22,5.95,0,0,1
958,752.82,6.38,0,0,1
957,759.71,5.72,0,0,1
956,3274.35,1.45,0,0,1
955,748.98,6.59,0,0,1
954,746.58,7.17,0,0,1
953,761.55,6.04,0,0,1
952,799.74,7.08,0,0,1
951,807.65,4.69,0,0,1
950,823.58,5.87,0,0,1
949,823.04,3.9,0,0,1
948,812.38,6.93,0,0,1
947,2787.4,1.42,0,0,1
946,813.2,6.86,0,0,1
945,803.3,6.62,0,0,1
894,800.27,6.69,0,0,1
893,821.11,5.96,0,0,1
892,814.6,6.94,0,0,1
891,833.81,5.93,0,0,1
890,811.57,6.99,0,0,1
889,804.46,6.8,0,0,1
888,806.76,7.23,0,0,1
887,796.85,6.65,0,0,1
886,792.89,7.83,0,0,1
885,814.07,5.52,0,0,1
884,821.56,5.34,0,0,1
883,807.95,5.9,0,0,1
882,809.35,5.93,0,0,1
881,810.09,5.8,0,0,1
878,796.48,5.42,0,0,1
877,812.42,5.79,0,0,1
876,843.88,5.06,0,0,1
875,839.37,4.48,0,0,1
874,830.47,4.85,0,0,1
873,837.36,4.22,0,0,1
872,835.45,4.02,0,0,1
871,830.63,5.05,0,0,1
870,794.08,5.19,0,0,1
869,804.92,5.68,0,0,1
868,799.28,6.85,0,0,1
867,792.76,5.13,0,0,1
866,789.64,5.43,0,0,1
865,815.89,5.73,0,0,1
814,782.68,5.12,0,0,1
813,799.13,5.78,0,0,1
812,824.5,4.87,0,0,1
811,805.13,6.03,0,0,1
810,795.36,5.39,0,0,1
809,792.54,5.7,0,0,1
808,801.36,5.63,0,0,1
807,783,5.27,0,0,1
806,787.71,5.14,0,0,1
805,806.72,6.07,0,0,1
804,788.38,5.07,0,0,1
803,794.55,10.03,0,0,1
802,751.09,7.29,0,0,1
801,738.85,6.45,0,0,1
830,766.79,5.86,0,0,1
829,743.56,6.5,0,0,1
828,736.05,6.54,0,0,1
827,729.5,6.21,0,0,1
826,728.16,6.31,0,0,1
825,746.68,6.77,0,0,1
824,730.02,6.55,0,0,1
823,749.47,6.89,0,0,1
822,743.98,7.05,0,0,1
821,759.05,5.2,0,0,1
820,746.74,6.15,0,0,1
819,723.58,6.02,0,0,1
818,752.45,6.4,0,0,1
817,734.14,6.49,0,0,1
561,778.13,70.34,0,0,1
562,764.8,58.59,0,0,1
563,758.74,53.86,0,0,1
564,782.28,55.69,0,0,1
565,774.81,62.7,0,0,1
566,764.98,57.79,0,0,1
567,773.42,63.38,0,0,1
568,778.05,63.83,0,0,1
569,749.33,51.22,0,0,1
570,764.38,62.07,0,0,1
571,741.75,51.29,0,0,1
572,725.32,49.84,0,0,1
573,762.37,57.85,0,0,1
574,766.61,62.61,0,0,1
545,753.67,51.68,0,0,1
546,752.75,53.79,0,0,1
547,781.3,6.16,0,0,1
548,782.04,5.1,0,0,1
549,798.84,5.52,0,0,1
550,799.14,5.34,0,0,1
551,793.45,5.45,0,0,1
552,786.66,5.28,0,0,1
553,793.71,5.46,0,0,1
554,791.61,5.42,0,0,1
555,828.76,5.38,0,0,1
556,793.85,5.51,0,0,1
557,805.3,5.66,0,0,1
558,798.61,5.41,0,0,1
609,791.87,5.4,0,0,1
610,808.13,6.06,0,0,1
611,780.95,4.86,0,0,1
612,776.31,5.61,0,0,1
613,768.42,6.58,0,0,1
614,757.83,5.12,0,0,1
615,745.39,5.93,0,0,1
616,754.36,5.45,0,0,1
617,770.41,4.27,0,0,1
618,758.18,4.83,0,0,1
619,751.43,5.5,0,0,1
620,750.72,5.43,0,0,1
621,756.81,5.03,0,0,1
622,743.9,5.76,0,0,1
625,755.73,5.17,0,0,1
626,736.23,5.41,0,0,1
627,717.69,4.87,0,0,1
628,718.45,1.14,0,0,1
629,719.08,5.14,0,0,1
630,725.55,6.18,0,0,1
631,718.16,5.66,0,0,1
632,715.57,5.33,0,0,1
633,733.33,5.8,0,0,1
634,2225.99,1.78,0,0,1
635,725.9,5.91,0,0,1
636,747.62,6.12,0,0,1
637,721.25,5.57,0,0,1
638,726.48,5.85,0,0,1
689,732.37,5.95,0,0,1
690,731.63,6.35,0,0,1
691,740.51,6.06,0,0,1
692,759.6,5.19,0,0,1
693,745.69,6.24,0,0,1
694,747.2,6.57,0,0,1
695,761.93,4.98,0,0,1
696,746.84,6.73,0,0,1
697,741.56,8.44,0,0,1
698,750.41,6.61,0,0,1
699,714.88,5.2,0,0,1
700,727.88,5.91,0,0,1
701,3979.02,1.18,0,0,1
702,711.66,4.92,0,0,1
673,716.84,5.06,0,0,1
674,1415.14,1.36,0,0,1
675,717.3,5.21,0,0,1
676,716.46,5.21,0,0,1
677,701.92,5.79,0,0,1
678,732.22,5.77,0,0,1
679,730.95,5.73,0,0,1
680,748.93,6.25,0,0,1
681,756.17,5.75,0,0,1
682,732.17,5.88,0,0,1
683,776.79,5.54,0,0,1
684,772.96,3.76,0,0,1
685,807.91,5.71,0,0,1
686,791.6,5.51,0,0,1
737,806.4,5.36,0,0,1
738,795.41,5.73,0,0,1
739,801.11,4.97,0,0,1
740,777.33,4.67,0,0,1
741,795.96,5.18,0,0,1
742,784.56,5.08,0,0,1
743,783.91,4.78,0,0,1
744,791.47,5.45,0,0,1
745,780.9,4.7,0,0,1
746,774.02,3.84,0,0,1
747,774.3,3.92,0,0,1
748,727.69,6.05,0,0,1
749,757.2,1.3,0,0,1
750,797.23,5.14,0,0,1
753,791.61,4.92,0,0,1
754,826.37,4.12,0,0,1
755,797.69,5.05,0,0,1
756,793.49,5.2,0,0,1
757,816.92,5.36,0,0,1
758,801.3,5.12,0,0,1
759,812.6,5.19,0,0,1
760,799.55,5.53,0,0,1
761,812.62,5.51,0,0,1
762,793.99,5.02,0,0,1
763,796.36,5.08,0,0,1
764,795.86,5.17,0,0,1
765,793.83,4.91,0,0,1
766,772.24,5.79,0,0,1
471,774.08,4.38,0,0,1
473,769.92,4.91,0,0,1
475,794.99,5.27,0,0,1
477,772.4,4.22,0,0,1
496,781.69,5.08,0,0,1
495,771.15,4.2,0,0,1
450,768.19,4.39,0,0,1
452,780.77,5.29,0,0,1
454,773.97,3.92,0,0,1
456,773.11,3.8,0,0,1
458,784.5,4.99,0,0,1
460,799.92,5.43,0,0,1
462,790.3,5.08,0,0,1
480,776.74,4.76,0,0,1
431,798.97,5.66,0,0,1
385,789.97,4.97,0,0,1
387,815.96,5.81,0,0,1
389,795.99,4.93,0,0,1
391,822.67,4.81,0,0,1
393,796.74,4.96,0,0,1
395,793.86,5.39,0,0,1
397,770.58,4.22,0,0,1
416,788.03,5.1,0,0,1
447,771.74,9.25,0,0,1
402,784.9,4.73,0,0,1
404,775.46,3.73,0,0,1
406,768.57,4.64,0,0,1
408,2039.4,1.63,0,0,1
410,762.08,3.89,0,0,1
412,799.26,4.3,0,0,1
414,773.89,3.88,0,0,1
432,782.63,4,0,0,1
383,796.37,5.96,0,0,1
337,776.31,4.04,0,0,1
339,774.98,4.17,0,0,1
341,776.75,4.16,0,0,1
343,764.39,4.16,0,0,1
345,784.87,4.69,0,0,1
347,775.55,4.04,0,0,1
349,804.31,5.1,0,0,1
368,763.8,3.97,0,0,1
367,773.01,3.74,0,0,1
322,772.22,3.51,0,0,1
324,767.18,4.16,0,0,1
326,784.86,4.65,0,0,1
328,753.8,4.79,0,0,1
330,755.63,4.72,0,0,1
332,763.53,6.17,0,0,1
334,774.09,4,0,0,1
352,771.79,3.61,0,0,1
303,774.04,3.78,0,0,1
257,801.31,4.73,0,0,1
259,775.92,4.11,0,0,1
261,758.85,4.3,0,0,1
263,788.58,4.48,0,0,1
265,797.71,4.91,0,0,1
267,800.93,4.85,0,0,1
269,770.2,3.63,0,0,1
288,785.53,4.78,0,0,1
319,772.52,3.51,0,0,1
274,790.64,4.63,0,0,1
276,774.26,3.47,0,0,1
278,772.31,3.42,0,0,1
280,735.61,5.56,0,0,1
282,765.06,5.22,0,0,1
284,796.69,5.51,0,0,1
286,771.55,5.14,0,0,1
304,790.32,5.22,0,0,1
255,774.57,5.15,0,0,1
209,793.27,5.13,0,0,1
211,3832.75,12.51,0,0,1
213,791.5,5.23,0,0,1
215,785.98,6.16,0,0,1
217,777.88,4.79,0,0,1
219,786.55,10.64,0,0,1
221,821.52,4.96,0,0,1
240,787.1,12.67,0,0,1
239,783.05,5.1,0,0,1
194,765.07,7.48,0,0,1
196,787.75,5.22,0,0,1
198,774.62,4.72,0,0,1
200,782.94,4.36,0,0,1
202,789.54,5.4,0,0,1
204,787.91,4.51,0,0,1
206,773.74,4.22,0,0,1
224,809.05,31.99,0,0,1
175,788.17,5.36,0,0,1
129,803.92,6.62,0,0,1
131,778.14,5.03,0,0,1
133,775.78,5.2,0,0,1
135,786.16,5.59,0,0,1
137,794.54,6.8,0,0,1
139,780.64,5.12,0,0,1
141,793.25,6.57,0,0,1
160,784.4,5.61,0,0,1
191,769.87,4.95,0,0,1
146,766.02,10.97,0,0,1
148,759.33,4.23,0,0,1
150,759.51,4.46,0,0,1
152,728.62,4.55,0,0,1
154,751.98,4.8,0,0,1
156,753.85,4.77,0,0,1
158,765.59,4.61,0,0,1
176,744.53,4.95,0,0,1
127,761.23,4.26,0,0,1
81,792.43,372.13,0,0,1
83,784.67,4.8,0,0,1
85,891.6,346.74,0,0,1
87,912.92,609.9,0,0,1
89,873.23,536.96,0,0,1
91,834,393.09,0,0,1
93,843.73,286.21,0,0,1
112,769.5,6.45,0,0,1
111,763.29,3.97,0,0,1
66,755.75,4.98,0,0,1
68,764.57,4.16,0,0,1
70,772.14,3.53,0,0,1
72,751.83,4.95,0,0,1
74,754.64,4.65,0,0,1
76,745,4.9,0,0,1
78,739.91,4.75,0,0,1
96,757.56,4.46,0,0,1
47,731.56,4.64,0,0,1
1,3140.01,1.04,0,0,1
3,750.51,4.86,0,0,1
5,736.57,5.09,0,0,1
7,698.84,4.36,0,0,1
9,712.15,3.73,0,0,1
11,778.73,4.67,0,0,1
13,784.08,5.36,0,0,1
32,789.49,4.61,0,0,1
63,777.27,4.77,0,0,1
18,769.43,4.69,0,0,1
20,774.65,4.47,0,0,1
22,775.34,4.3,0,0,1
24,790.91,5.91,0,0,1
26,784.27,5.02,0,0,1
28,786.37,5.5,0,0,1
30,804.17,5.57,0,0,1
48,774.5,4.28,0,0,1
511,783.73,5.64,0,0,1
465,812.87,5.87,0,0,1
467,2103.58,1.35,0,0,1
469,791.03,6.05,0,0,1
281,782.66,6.35,0,0,1
279,774.45,4.64,0,0,1
277,791.49,6.48,0,0,1
275,810.35,6.27,0,0,1
273,823.56,5.14,0,0,1
272,830.27,5.4,0,0,1
271,793.19,6.04,0,0,1
270,826.55,4.92,0,0,1
268,800.18,6.28,0,0,1
266,808.03,6.28,0,0,1
264,814.86,6.22,0,0,1
262,817.44,5.69,0,0,1
260,810.36,6.43,0,0,1
258,809.04,5.78,0,0,1
256,814.86,6.18,0,0,1
335,824.37,4.98,0,0,1
333,804.58,7.69,0,0,1
331,818.4,5.11,0,0,1
329,820.41,4.43,0,0,1
327,826.42,3.72,0,0,1
325,801.31,5.09,0,0,1
323,798.06,4.91,0,0,1
321,809.04,4.81,0,0,1
320,779.12,4.44,0,0,1
351,776.71,4.11,0,0,1
350,838.23,3.68,0,0,1
348,813.2,4.61,0,0,1
346,2804.08,1.09,0,0,1
344,0,0,0,0,1
342,812.8,4.99,0,0,1
340,794.03,4.76,0,0,1
338,2083.59,1.5,0,0,1
336,797.54,11,0,0,1
415,812.08,4.99,0,0,1
413,787.84,4.66,0,0,1
411,814.92,5.15,0,0,1
409,799.13,4.63,0,0,1
407,783.64,4.59,0,0,1
405,789.97,4.46,0,0,1
403,776.71,4.31,0,0,1
401,787.78,4.6,0,0,1
400,810.65,4.88,0,0,1
399,831.26,4.11,0,0,1
398,785.83,4.2,0,0,1
396,801.88,4.92,0,0,1
394,779.14,4.26,0,0,1
392,787.47,4.57,0,0,1
390,2040.7,1.48,0,0,1
388,780.37,4.9,0,0,1
386,816.74,5.29,0,0,1
384,830.33,5.72,0,0,1
463,802.43,5.83,0,0,1
461,805.77,5.73,0,0,1
459,795.98,5.08,0,0,1
457,771.45,4.4,0,0,1
455,834.89,4.17,0,0,1
453,803.21,5.96,0,0,1
451,776.8,4.15,0,0,1
449,794.17,5.3,0,0,1
448,808.62,5.03,0,0,1
479,807.58,5.58,0,0,1
478,782.65,4.67,0,0,1
476,944.97,5.88,0,0,1
474,835.67,4.93,0,0,1
472,762.25,4.1,0,0,1
470,753.93,4.93,0,0,1
468,775.53,4.15,0,0,1
466,773.73,7.3,0,0,1
464,747.47,4.95,0,0,1
31,747.4,5.67,0,0,1
29,747.03,5.21,0,0,1
27,774.1,4.13,0,0,1
25,778.61,4.62,0,0,1
23,755.41,5.34,0,0,1
21,758.27,4.54,0,0,1
19,784.31,5.09,0,0,1
17,764.48,4.31,0,0,1
16,768.91,5.08,0,0,1
15,2052.85,0.93,0,0,1
14,752.44,5.4,0,0,1
12,775.93,4.87,0,0,1
10,773.2,3.55,0,0,1
8,772.57,3.7,0,0,1
6,782.5,4.62,0,0,1
4,764.14,3.78,0,0,1
2,767.91,4.07,0,0,1
0,769.28,3.95,0,0,1
79,777.03,4.27,0,0,1
77,782.88,4.27,0,0,1
75,773.35,3.36,0,0,1
73,774.71,3.5,0,0,1
71,768.37,4.32,0,0,1
69,792.24,4.39,0,0,1
67,778.82,4.32,0,0,1
65,775.31,3.66,0,0,1
64,2072.55,1.14,0,0,1
95,808.82,5.8,0,0,1
94,800.38,4.62,0,0,1
92,795.5,4.71,0,0,1
90,798.34,4.72,0,0,1
88,787.16,4.36,0,0,1
86,798.61,4.66,0,0,1
84,801.82,4.67,0,0,1
82,787.85,4.55,0,0,1
80,780.31,4.05,0,0,1
159,774.24,3.62,0,0,1
157,792.15,4.59,0,0,1
155,2558.04,0.54,0,0,1
153,781.52,4.25,0,0,1
151,746.69,4.82,0,0,1
149,763.35,3.72,0,0,1
147,757.13,4.2,0,0,1
145,775.65,4.24,0,0,1
144,775.81,4.43,0,0,1
143,793.18,4.65,0,0,1
142,775.28,4.23,0,0,1
140,768.28,4.52,0,0,1
138,794.49,4.95,0,0,1
136,763.55,4.25,0,0,1
134,786.86,4.69,0,0,1
132,771.39,3.42,0,0,1
130,786.79,4.58,0,0,1
128,759.6,3.83,0,0,1
207,773.21,4.07,0,0,1
205,773.68,3.8,0,0,1
203,758.95,4.28,0,0,1
201,751.19,4.72,0,0,1
199,724.75,4.49,0,0,1
197,815.19,5.13,0,0,1
195,801.3,4.95,0,0,1
193,806.11,4.93,0,0,1
192,796.59,4.67,0,0,1
223,794.48,4.91,0,0,1
222,776.99,4.41,0,0,1
220,797.87,4.86,0,0,1
218,816.3,5.22,0,0,1
216,798.06,4.8,0,0,1
214,799.62,4.97,0,0,1
212,787.85,4.63,0,0,1
210,800.41,5,0,0,1
208,793.06,4.57,0,0,1
287,807.35,4.06,0,0,1
285,799.11,4.65,0,0,1
283,795.75,6.59,0,0,1
510,815.68,5.78,0,0,1
509,776.55,3.99,0,0,1
508,785.4,4.13,0,0,1
507,783.42,4.39,0,0,1
506,812.37,4.24,0,0,1
505,795.91,4.53,0,0,1
504,799.95,4.61,0,0,1
503,825.49,3.74,0,0,1
502,793.92,4.49,0,0,1
501,794.07,4.5,0,0,1
500,776.68,3.96,0,0,1
499,795.7,4.63,0,0,1
498,776.93,4.03,0,0,1
497,3888.23,2.17,0,0,1
494,773.79,3.32,0,0,1
493,787.38,5.44,0,0,1
492,753.85,6.69,0,0,1
491,763.2,3.71,0,0,1
490,776.48,3.96,0,0,1
489,779.93,4.29,0,0,1
488,808.2,4.58,0,0,1
487,746.31,4.61,0,0,1
486,2636.72,1.17,0,0,1
485,762.56,3.29,0,0,1
484,752.68,4.27,0,0,1
483,36.11,1.92,0,0,1
482,769.27,4.08,0,0,1
481,756.36,4.62,0,0,1
430,766.13,4.11,0,0,1
429,779.79,4.22,0,0,1
428,780.41,4.27,0,0,1
427,776.39,4.19,0,0,1
426,829.47,5.78,0,0,1
425,799.28,5.62,0,0,1
424,830.01,6.16,0,0,1
423,818.43,5.28,0,0,1
422,819.54,6.03,0,0,1
421,808.85,5.75,0,0,1
420,805.29,6.92,0,0,1
419,811.33,5.24,0,0,1
418,821.87,5.61,0,0,1
417,808.49,5.5,0,0,1
446,832.78,6.31,0,0,1
445,805.87,5.47,0,0,1
444,814.52,6.71,0,0,1
443,824.83,4.11,0,0,1
442,829.78,6.79,0,0,1
441,822.99,4.4,0,0,1
440,759.2,5.06,0,0,1
439,736.4,6.08,0,0,1
438,717.21,4.83,0,0,1
437,734.89,4.85,0,0,1
436,734.26,5.2,0,0,1
435,730.56,10.29,0,0,1
434,745,5.4,0,0,1
433,751.1,5.89,0,0,1
382,726.93,4.97,0,0,1
381,734.39,6.67,0,0,1
380,742.18,5.67,0,0,1
379,743.21,7.1,0,0,1
378,759.1,4.7,0,0,1
377,751.5,7.15,0,0,1
376,746.57,5.71,0,0,1
375,714.68,4.77,0,0,1
374,787.21,6.56,0,0,1
373,825.58,3.98,0,0,1
372,807.68,4.81,0,0,1
371,797.67,4.54,0,0,1
370,800.44,4.61,0,0,1
369,794.5,4.6,0,0,1
366,819.56,4.61,0,0,1
365,795.69,4.6,0,0,1
364,824.58,3.86,0,0,1
363,802.65,4.86,0,0,1
362,803.56,4.9,0,0,1
361,806.87,4.81,0,0,1
360,816.5,5.06,0,0,1
359,781.2,4.12,0,0,1
358,778.25,4.03,0,0,1
357,773.32,5.93,0,0,1
356,787.18,7,0,0,1
355,776.2,4.19,0,0,1
354,777.18,4.19,0,0,1
353,774.18,3.79,0,0,1
302,769.58,4.04,0,0,1
301,772.73,3.61,0,0,1
300,774.64,4.08,0,0,1
299,771.83,3.47,0,0,1
298,771.8,3.33,0,0,1
297,786.1,4.6,0,0,1
296,778.3,4.3,0,0,1
295,775.75,3.7,0,0,1
294,784.35,4.31,0,0,1
293,751.56,5.24,0,0,1
292,740.89,4.71,0,0,1
291,748.8,6.59,0,0,1
290,839.28,4.6,0,0,1
289,832.68,4.79,0,0,1
318,839.63,4.36,0,0,1
317,843.8,5.28,0,0,1
316,831.31,4.74,0,0,1
315,832.05,4.85,0,0,1
314,841.74,5.04,0,0,1
313,840.25,4.52,0,0,1
312,844.29,5.11,0,0,1
311,840.96,4.69,0,0,1
310,841.46,4.96,0,0,1
309,837.33,3.91,0,0,1
308,865.42,6.09,0,0,1
307,841.69,4.87,0,0,1
306,835.66,5.36,0,0,1
305,837.59,5.34,0,0,1
49,778.9,6.01,0,0,1
50,793.4,6.91,0,0,1
51,789.31,5.51,0,0,1
52,803.28,6.2,0,0,1
53,776.26,4.79,0,0,1
54,780.08,5.34,0,0,1
55,780.65,5.16,0,0,1
56,790.74,5.68,0,0,1
57,801.6,5.85,0,0,1
58,811.21,5.69,0,0,1
59,772.01,4.84,0,0,1
60,2715.65,1.39,0,0,1
61,782.29,5.41,0,0,1
62,783.75,4.2,0,0,1
33,788.06,5.24,0,0,1
34,754.12,8.68,0,0,1
35,774.87,4.45,0,0,1
36,774.35,3.79,0,0,1
37,785.67,4.75,0,0,1
38,762.43,3.63,0,0,1
39,758.06,4.36,0,0,1
40,800.77,4.68,0,0,1
41,772.04,3.25,0,0,1
42,764.8,4.25,0,0,1
43,787.23,4.66,0,0,1
44,796.08,4.52,0,0,1
45,782.62,4.36,0,0,1
46,802.89,4.86,0,0,1
97,795.53,4.91,0,0,1
98,800.77,5.22,0,0,1
99,779.18,4.42,0,0,1
100,785.1,5.51,0,0,1
101,792,6,0,0,1
102,770.86,3.54,0,0,1
103,777.4,4.46,0,0,1
104,779.86,4.66,0,0,1
105,785.96,4.57,0,0,1
106,760.92,4.11,0,0,1
107,739.08,4.79,0,0,1
108,770.13,4.12,0,0,1
109,766.82,4.69,0,0,1
110,785.51,4.66,0,0,1
113,777.34,4.33,0,0,1
114,767.23,4.51,0,0,1
115,754.5,4.99,0,0,1
116,731.06,1.31,0,0,1
117,770.61,4.28,0,0,1
118,741.55,6.1,0,0,1
119,737.03,5.45,0,0,1
120,769.73,4.42,0,0,1
121,740.89,5.4,0,0,1
122,714.51,4.74,0,0,1
123,752.36,4.7,0,0,1
124,715.44,4.55,0,0,1
125,2561.75,0.71,0,0,1
126,722.32,4.92,0,0,1
177,736.29,5.42,0,0,1
178,740.72,5.21,0,0,1
179,728.43,5.25,0,0,1
180,738.1,4.71,0,0,1
181,749.35,5.25,0,0,1
182,746.53,5.2,0,0,1
183,728.63,5.08,0,0,1
184,730.15,5.14,0,0,1
185,721.06,7.68,0,0,1
186,732.98,5.09,0,0,1
187,746.96,4.15,0,0,1
188,753.57,4.78,0,0,1
189,728.29,4.76,0,0,1
190,732.1,4.76,0,0,1
161,723.45,4.57,0,0,1
162,756.92,4.74,0,0,1
163,754.25,4.71,0,0,1
164,737.1,4.86,0,0,1
165,758.11,4.41,0,0,1
166,754.13,4.75,0,0,1
167,758.12,4.19,0,0,1
168,755.13,5.15,0,0,1
169,745.89,5.19,0,0,1
170,746.71,5.66,0,0,1
171,774.64,4.44,0,0,1
172,772.7,3.55,0,0,1
173,804.74,5.09,0,0,1
174,800.73,4.92,0,0,1
225,801.18,4.89,0,0,1
226,784.69,4.51,0,0,1
227,799.87,4.61,0,0,1
228,785.93,4.4,0,0,1
229,775.86,3.92,0,0,1
230,774.91,3.9,0,0,1
231,766.24,4.09,0,0,1
232,781.46,4.44,0,0,1
233,756.77,4.06,0,0,1
234,763.54,3.69,0,0,1
235,755.51,4.49,0,0,1
236,770.4,4.83,0,0,1
237,2077.47,1.25,0,0,1
238,783.53,4.49,0,0,1
241,781.43,4.36,0,0,1
242,783.85,4.43,0,0,1
243,776.35,4.16,0,0,1
244,775.22,3.9,0,0,1
245,2900.26,1.25,0,0,1
246,797.16,4.68,0,0,1
247,772.99,3.27,0,0,1
248,772.55,3.1,0,0,1
249,787.65,4.32,0,0,1
250,784.45,4.19,0,0,1
251,786.63,4.09,0,0,1
252,778.7,4.35,0,0,1
253,765.91,3.73,0,0,1
254,772.74,4.41,0,0,1
